#truth,556,n,1000,mu,2.0,alpha,0.2,zeta,1.0
seed,method,rmed,thS,thW,thN,piS,piW,piN,spearman,kendall,topk,ndcg,mse,auc,sigma_raw,cov90,jaccard,P0.05,R0.05,F0.05,rFDR0.05,nsel0.05,P0.1,R0.1,F0.1,rFDR0.1,nsel0.1,P0.15,R0.15,F0.15,rFDR0.15,nsel0.15,P0.2,R0.2,F0.2,rFDR0.2,nsel0.2,P0.3,R0.3,F0.3,rFDR0.3,nsel0.3
0,tMH,1.9735873798413888,1.1751961159945952,0.8420219405935587,0.5279404635598515,0.7465472215461342,0.6860977728374071,0.6191742113796803,0.3908846228846229,0.26657457457457456,0.6610169491525424,0.6888799230486072,3.0593189362787596,0.6956099245499701,1.333720177949306,0.749,0.37666363213187043,0.6666666666666666,0.003766478342749529,0.007490636704119849,0.3333333333333333,3,0.8928571428571429,0.09416195856873823,0.17035775127768313,0.10714285714285714,56,0.7748917748917749,0.3370998116760829,0.46981627296587924,0.22510822510822512,231,0.6844349680170576,0.6045197740112994,0.6420000000000001,0.31556503198294245,469,0.5478170478170478,0.992467043314501,0.7059611520428667,0.4521829521829522,962
0,SGLD,4.809976545151222,0.003316312727926508,-0.04546985038976671,0.002654162562800055,0.5015130197127771,0.4895015562261089,0.50078337563205,0.010586962586962588,0.006886886886886888,0.5310734463276836,0.529182949424238,3.38909144333452,0.4909311392994672,1.0536536303259052,0.503,0.35813640100038574,0.0,0.0,0,1.0,1,0.5,0.0018832391713747645,0.0037523452157598495,0.5,2,0.5454545454545454,0.011299435028248588,0.02214022140221402,0.45454545454545453,11,0.525,0.03954802259887006,0.0735551663747811,0.475,40,0.5089285714285714,0.21468926553672316,0.30198675496688737,0.49107142857142855,224
0,qSGLD,1.1437283470731927,1.0793939288302907,0.9308643320342839,0.8668365541792804,0.7455513304082746,0.7164743455266818,0.7034295610288956,0.5535867615867616,0.37735335335335335,0.7024482109227872,0.7433226157240747,3.41419200999579,0.7748424945490465,0.5714423569572142,0.366,0.44129503410445786,1.0,0.0018832391713747645,0.0037593984962406013,0.0,1,1.0,0.0018832391713747645,0.0037593984962406013,0.0,1,1.0,0.0018832391713747645,0.0037593984962406013,0.0,1,1.0,0.02448210922787194,0.04779411764705882,0.0,13,0.531,1.0,0.6936642717178314,0.469,1000
0,cycSGLD,1.0034255158794707,1.0427342854374941,0.9637677314833596,0.9827579471902478,0.7391530206233319,0.7236887158799149,0.7274555651811514,0.34042433242433245,0.2251891891891892,0.6365348399246704,0.6709896196409837,3.6685925101711074,0.6713848031834371,0.06463196640672977,0.01,0.9426930241125885,1.0,0.0018832391713747645,0.0037593984962406013,0.0,1,1.0,0.0018832391713747645,0.0037593984962406013,0.0,1,1.0,0.0018832391713747645,0.0037593984962406013,0.0,1,1.0,0.0018832391713747645,0.0037593984962406013,0.0,1,0.531,1.0,0.6936642717178314,0.469,1000
0,SGHMC,1.799925769642372,0.24394926929718158,0.09185040949769359,0.012681667571608796,0.5588091945624115,0.5222930085547722,0.5031030564276414,0.2714537594537595,0.1831191191191191,0.623352165725047,0.6528140186417691,2.727464537859702,0.6280100707118162,0.7785750014638776,0.415,0.37339396439411643,1.0,0.0018832391713747645,0.0037593984962406013,0.0,1,1.0,0.0018832391713747645,0.0037593984962406013,0.0,1,1.0,0.0018832391713747645,0.0037593984962406013,0.0,1,1.0,0.0018832391713747645,0.0037593984962406013,0.0,1,0.8709677419354839,0.1016949152542373,0.1821247892074199,0.12903225806451613,62
0,AWSGLD,1.156952241312308,1.0899019519907018,0.9149332073927229,0.8119286082040602,0.7471053281419032,0.7128231517761031,0.6915857624979761,0.5786428946428946,0.39630030030030033,0.7231638418079096,0.7599899915682476,3.3045014250878664,0.7881376009380057,0.6807113172975378,0.467,0.43143217884270335,1.0,0.0018832391713747645,0.0037593984962406013,0.0,1,1.0,0.0018832391713747645,0.0037593984962406013,0.0,1,1.0,0.0018832391713747645,0.0037593984962406013,0.0,1,0.9722222222222222,0.06591337099811675,0.12345679012345678,0.027777777777777776,36,0.531,1.0,0.6936642717178314,0.469,1000
1,tMH,1.9888906391927146,1.54108714611993,0.7656309906239396,0.49706733338377324,0.8069106223378316,0.6688202410882286,0.6123097563070583,0.5545356745356745,0.37547947947947946,0.7567567567567568,0.7867313789461668,2.7011042556101565,0.7978054458953336,1.376817218987049,0.793,0.41530515525740935,1.0,0.016216216216216217,0.031914893617021274,0.0,9,0.9459459459459459,0.25225225225225223,0.39829302987197723,0.05405405405405406,148,0.8210526315789474,0.5621621621621622,0.6673796791443851,0.17894736842105263,380,0.7216981132075472,0.827027027027027,0.7707808564231737,0.2783018867924528,636,0.555,1.0,0.7138263665594855,0.445,1000
1,SGLD,4.801076499619282,0.09629285699745127,0.13216870756545074,-0.03391136476914821,0.5219770802970114,0.5302276272869845,0.492331244949925,0.08110763710763712,0.053757757757757756,0.572972972972973,0.5785552906604912,3.1884327755524993,0.5487883389006984,1.036958363295232,0.534,0.38474078379845444,1.0,0.0018018018018018018,0.0035971223021582736,0.0,1,1.0,0.0018018018018018018,0.0035971223021582736,0.0,1,0.5,0.010810810810810811,0.021164021164021166,0.5,12,0.5625,0.04864864864864865,0.08955223880597016,0.4375,48,0.6163265306122448,0.27207207207207207,0.3775,0.3836734693877551,245
1,qSGLD,1.0856357243500454,1.1093486670099424,0.8913750514948987,0.8932134441886987,0.7515534576286137,0.7087464322631597,0.7091498210552187,0.6315413475413476,0.415995995995996,0.7765765765765765,0.8134133350169633,3.2608453408816587,0.8283874886122077,0.4799439538431559,0.298,0.5400371950485593,1.0,0.0018018018018018018,0.0035971223021582736,0.0,1,1.0,0.0018018018018018018,0.0035971223021582736,0.0,1,1.0,0.0018018018018018018,0.0035971223021582736,0.0,1,1.0,0.0018018018018018018,0.0035971223021582736,0.0,1,0.555,1.0,0.7138263665594855,0.445,1000
1,cycSGLD,1.003792465809336,1.0877594601535823,0.9060753361853645,0.964557464886704,0.7477720380218204,0.7119957768364714,0.7238261775659155,0.553892293892294,0.3457057057057057,0.7513513513513513,0.787259086705021,3.4080004995379314,0.7792448628403684,0.05985021191551245,0.017,0.9628703479961475,1.0,0.0018018018018018018,0.0035971223021582736,0.0,1,1.0,0.0018018018018018018,0.0035971223021582736,0.0,1,1.0,0.0018018018018018018,0.0035971223021582736,0.0,1,1.0,0.0018018018018018018,0.0035971223021582736,0.0,1,0.555,1.0,0.7138263665594855,0.445,1000
1,SGHMC,1.7535374095899543,0.3391350376241551,0.24928840520587348,0.08300832089983491,0.5821974543561511,0.5605944401022772,0.5204497759373607,0.3075058875058875,0.20689089089089088,0.6594594594594595,0.684073508518461,2.708620845905047,0.6678246786111955,0.7711164227341305,0.41,0.385775340368305,1.0,0.0018018018018018018,0.0035971223021582736,0.0,1,1.0,0.0018018018018018018,0.0035971223021582736,0.0,1,1.0,0.0018018018018018018,0.0035971223021582736,0.0,1,1.0,0.0018018018018018018,0.0035971223021582736,0.0,1,0.8103448275862069,0.08468468468468468,0.15334420880913538,0.1896551724137931,58
1,AWSGLD,1.082951575793276,1.1152285887114013,0.8833803738924119,0.8769327184064832,0.7525904211823793,0.7070463728619991,0.7057544793947873,0.6471852711852712,0.42914114114114116,0.7891891891891892,0.8242963844115098,3.2247932373649424,0.8370199412896042,0.5323367557694649,0.356,0.5341072825507425,1.0,0.0018018018018018018,0.0035971223021582736,0.0,1,1.0,0.0018018018018018018,0.0035971223021582736,0.0,1,1.0,0.0018018018018018018,0.0035971223021582736,0.0,1,1.0,0.0018018018018018018,0.0035971223021582736,0.0,1,0.555,1.0,0.7138263665594855,0.445,1000
2,tMH,1.9456479975534637,1.5094975169828897,0.8131766790729765,0.46807591477406835,0.8027650124552796,0.6776624599989917,0.6071112813505124,0.5634867714867715,0.3812292292292293,0.7504587155963303,0.781111144486294,2.664555139395421,0.79417683234197,1.3256163412773154,0.783,0.41721077867063466,1.0,0.022018348623853212,0.04308797127468582,0.0,12,0.9365079365079365,0.21651376146788992,0.3517138599105813,0.06349206349206349,126,0.8416666666666667,0.5559633027522936,0.6696132596685083,0.15833333333333333,360,0.7091503267973857,0.7963302752293578,0.7502160760587727,0.2908496732026144,612,0.545,1.0,0.7055016181229774,0.455,1000
2,SGLD,4.9763416063005135,-0.012064999212327334,-0.061879049946882106,0.04785472832322993,0.4984243985322795,0.48582568681211263,0.5104053548928157,0.01649053649053649,0.010442442442442443,0.5376146788990825,0.5439320482296351,3.380362504158635,0.5052969049299325,1.0657284087227223,0.521,0.3774700394185966,1.0,0.001834862385321101,0.0036630036630036634,0.0,1,0.5,0.001834862385321101,0.0036563071297989035,0.5,2,0.5714285714285714,0.014678899082568808,0.028622540250447227,0.42857142857142855,14,0.47619047619047616,0.03669724770642202,0.06814310051107325,0.5238095238095238,42,0.5733333333333334,0.23669724770642203,0.33506493506493507,0.4266666666666667,225
2,qSGLD,1.1213358958193942,1.126348593991053,0.9566755170595673,0.8624916145397442,0.7544401768015463,0.7218169824594366,0.7025854727687646,0.6504875544875546,0.44959359359359363,0.7614678899082569,0.7962200794469945,3.223084102636794,0.8228127835467285,0.5710336069455911,0.372,0.47825484728107565,1.0,0.001834862385321101,0.0036630036630036634,0.0,1,1.0,0.001834862385321101,0.0036630036630036634,0.0,1,1.0,0.001834862385321101,0.0036630036630036634,0.0,1,1.0,0.03486238532110092,0.0673758865248227,0.0,19,0.545,1.0,0.7055016181229774,0.455,1000
2,cycSGLD,1.0032432391304744,1.0691505122937728,0.966896136026865,0.9446351488722691,0.7442450074490589,0.7242991884330021,0.7198399875368396,0.5896765336765337,0.3996276276276276,0.7376146788990826,0.7749113708498008,3.4029894741672213,0.7956971468898074,0.06309699416531979,0.011,0.9651755101302332,1.0,0.001834862385321101,0.0036630036630036634,0.0,1,1.0,0.001834862385321101,0.0036630036630036634,0.0,1,1.0,0.001834862385321101,0.0036630036630036634,0.0,1,1.0,0.001834862385321101,0.0036630036630036634,0.0,1,0.545,1.0,0.7055016181229774,0.455,1000
2,SGHMC,1.7739028571442421,0.18309575231325387,0.08587620157950303,0.10180938210185439,0.5444114956903185,0.5209172242202236,0.5250587940099338,0.11725488925488926,0.0767887887887888,0.5761467889908257,0.6052097812778757,2.846949727140672,0.5562536546022784,0.7898703694347873,0.422,0.37461525665842754,1.0,0.001834862385321101,0.0036630036630036634,0.0,1,1.0,0.001834862385321101,0.0036630036630036634,0.0,1,1.0,0.001834862385321101,0.0036630036630036634,0.0,1,1.0,0.001834862385321101,0.0036630036630036634,0.0,1,0.8387096774193549,0.047706422018348627,0.09027777777777778,0.16129032258064516,31
2,AWSGLD,1.1158537660662238,1.1311355732584059,0.953559414225844,0.8380771807601295,0.7551653182783763,0.7210529678765571,0.6973610810358486,0.6494611934611936,0.4478358358358359,0.7541284403669725,0.7893496553285447,3.180946551033475,0.8199334610343785,0.6311104196282277,0.446,0.4686127283874339,1.0,0.001834862385321101,0.0036630036630036634,0.0,1,1.0,0.001834862385321101,0.0036630036630036634,0.0,1,1.0,0.001834862385321101,0.0036630036630036634,0.0,1,0.96875,0.05688073394495413,0.10745233968804159,0.03125,32,0.545,1.0,0.7055016181229774,0.455,1000
3,tMH,1.916936055292682,1.3260918288320758,0.7141455753006896,0.39681718629282814,0.7716189994584386,0.6571441246904803,0.5915754000296873,0.505013701013701,0.34466466466466467,0.7208480565371025,0.7454891685259794,2.5302187979019553,0.7592206607936689,1.3100292718551296,0.783,0.4317898356221554,0.8,0.007067137809187279,0.014010507880910683,0.2,5,0.9333333333333333,0.14840989399293286,0.25609756097560976,0.06666666666666667,90,0.8657243816254417,0.43286219081272087,0.5771495877502945,0.13427561837455831,283,0.7533718689788054,0.6908127208480566,0.7207373271889401,0.2466281310211946,519,0.5836820083682008,0.9858657243816255,0.733245729303548,0.41631799163179917,956
3,SGLD,4.732374385319064,0.0784250304062636,0.0176733625625042,-0.03205637327134331,0.517475404885068,0.5031871986557945,0.49352631572881134,0.04958832158832159,0.03216816816816817,0.5759717314487632,0.5907365328079299,3.226559693631194,0.5285942257901679,1.0411421926267168,0.535,0.39586300435798166,1.0,0.0017667844522968198,0.003527336860670194,0.0,1,1.0,0.0017667844522968198,0.003527336860670194,0.0,1,0.8571428571428571,0.01060070671378092,0.020942408376963352,0.14285714285714285,7,0.717948717948718,0.04946996466431095,0.09256198347107436,0.28205128205128205,39,0.6075471698113207,0.284452296819788,0.3874849578820698,0.39245283018867927,265
3,qSGLD,1.1052361201305574,1.1352321874161473,0.9105818101027238,0.8774550365201396,0.7561603974202212,0.7125299742151981,0.7057832198459237,0.6623358863358864,0.45135535535535537,0.7862190812720848,0.8198759740086909,3.1079000739119707,0.8359617983748839,0.5305607481696838,0.348,0.5301209200421181,1.0,0.0017667844522968198,0.003527336860670194,0.0,1,1.0,0.0017667844522968198,0.003527336860670194,0.0,1,1.0,0.0017667844522968198,0.003527336860670194,0.0,1,1.0,0.03356890459363958,0.06495726495726496,0.0,19,0.566,1.0,0.722860791826309,0.434,1000
3,cycSGLD,1.004010740131605,1.0770486769292857,0.9592699835708696,0.936484485592684,0.7457249684449966,0.7227454906821331,0.7182065637520074,0.6303178143178143,0.43012212212212214,0.7632508833922261,0.7982202671801263,3.269296053824445,0.8138159287424077,0.06229640430711889,0.009,0.9506294399462089,1.0,0.0017667844522968198,0.003527336860670194,0.0,1,1.0,0.0017667844522968198,0.003527336860670194,0.0,1,1.0,0.0017667844522968198,0.003527336860670194,0.0,1,1.0,0.0017667844522968198,0.003527336860670194,0.0,1,0.566,1.0,0.722860791826309,0.434,1000
3,SGHMC,1.7162231486092279,0.357354594694075,0.13906846434323064,0.09178758020569946,0.5860746452243845,0.5338835794310894,0.5224961172226791,0.30090115290115294,0.20100100100100102,0.6537102473498233,0.6867184840103324,2.6283046646793555,0.6511781276969923,0.7373811676627199,0.44,0.4147990258530723,1.0,0.0017667844522968198,0.003527336860670194,0.0,1,1.0,0.0017667844522968198,0.003527336860670194,0.0,1,1.0,0.0017667844522968198,0.003527336860670194,0.0,1,1.0,0.0017667844522968198,0.003527336860670194,0.0,1,0.8876404494382022,0.13957597173144876,0.24122137404580152,0.11235955056179775,89
3,AWSGLD,1.105323961221523,1.150459314908197,0.9080219523329518,0.8725027925980938,0.758848114131685,0.711890358567711,0.7046581003090927,0.6583293343293344,0.4476716716716717,0.7915194346289752,0.824159615872877,3.090070829336637,0.8354203644298253,0.6005513667768871,0.439,0.5217413063268584,1.0,0.0017667844522968198,0.003527336860670194,0.0,1,1.0,0.0017667844522968198,0.003527336860670194,0.0,1,1.0,0.0017667844522968198,0.003527336860670194,0.0,1,1.0,0.05830388692579505,0.11018363939899833,0.0,33,0.566,1.0,0.722860791826309,0.434,1000
4,tMH,1.9365556122705385,1.2528091220634758,0.6118589423606358,0.023470625958214326,0.7584166383071277,0.6366254372183543,0.5054623446415697,0.6038625158625158,0.41672072072072075,0.72568093385214,0.7628159849087373,2.161849875140894,0.8052393076171718,1.3867676385954857,0.858,0.40006322774726083,1.0,0.013618677042801557,0.02687140115163148,0.0,7,0.9583333333333334,0.13424124513618677,0.23549488054607504,0.041666666666666664,72,0.8738738738738738,0.377431906614786,0.5271739130434783,0.12612612612612611,222,0.7814726840855107,0.6400778210116731,0.7037433155080213,0.21852731591448932,421,0.5982905982905983,0.953307392996109,0.7351837959489872,0.4017094017094017,819
4,SGLD,4.800162262899382,0.05615867637310339,0.12483948609003508,-0.03113816111558393,0.5126260857193968,0.5288995911726082,0.4930262913110504,0.04406136806136806,0.029933933933933937,0.5155642023346303,0.5265789072475252,3.2426459149777136,0.5099037645514084,1.0400888890911895,0.519,0.34709275103456055,1.0,0.0019455252918287938,0.0038834951456310682,0.0,1,1.0,0.0019455252918287938,0.0038834951456310682,0.0,1,0.5833333333333334,0.013618677042801557,0.026615969581749055,0.4166666666666667,12,0.5208333333333334,0.048638132295719845,0.08896797153024912,0.4791666666666667,48,0.5691056910569106,0.2723735408560311,0.3684210526315789,0.43089430894308944,246
4,qSGLD,1.1568771000287243,1.1093794654817288,0.888348264237058,0.823516471062565,0.7510383124792304,0.70773449609111,0.6942937408703007,0.6313857793857794,0.42958158158158155,0.754863813229572,0.7925751656605348,3.2214420605124117,0.8294302733342942,0.5950454729550609,0.392,0.4705787227168545,1.0,0.0019455252918287938,0.0038834951456310682,0.0,1,1.0,0.0019455252918287938,0.0038834951456310682,0.0,1,1.0,0.0019455252918287938,0.0038834951456310682,0.0,1,1.0,0.04085603112840467,0.07850467289719626,0.0,21,0.514,1.0,0.678996036988111,0.486,1000
4,cycSGLD,1.0028801439497417,1.0559166238804754,0.944634458901818,0.9835173811161273,0.7416977367257408,0.7198577092219123,0.7276187876144076,0.3914750114750115,0.24951351351351353,0.6770428015564203,0.7148913042045479,3.575180840103728,0.7113296824710573,0.06082664374478879,0.01,0.9531553252843751,1.0,0.0019455252918287938,0.0038834951456310682,0.0,1,1.0,0.0019455252918287938,0.0038834951456310682,0.0,1,1.0,0.0019455252918287938,0.0038834951456310682,0.0,1,1.0,0.0019455252918287938,0.0038834951456310682,0.0,1,0.514,1.0,0.678996036988111,0.486,1000
4,SGHMC,1.6591711734599452,0.3138091261231019,0.2971667651014505,0.04516690228492511,0.5763110680687501,0.572118435130704,0.5110417463168013,0.3370611970611971,0.22416416416416418,0.6478599221789884,0.666732640756968,2.6605733407006316,0.6657219259899761,0.7104005892807052,0.365,0.3752915307504889,1.0,0.0019455252918287938,0.0038834951456310682,0.0,1,1.0,0.0019455252918287938,0.0038834951456310682,0.0,1,1.0,0.0019455252918287938,0.0038834951456310682,0.0,1,1.0,0.0019455252918287938,0.0038834951456310682,0.0,1,0.6724137931034483,0.07587548638132295,0.13636363636363635,0.3275862068965517,58
4,AWSGLD,1.1456733492292555,1.1285079071626611,0.8826209889134972,0.8059301423639035,0.7544284090682284,0.7063903914081501,0.6904593010883371,0.6480496920496921,0.44261061061061063,0.754863813229572,0.7934514076023618,3.1760588725873085,0.838861667547357,0.6592476156256717,0.452,0.47198371813113077,1.0,0.0019455252918287938,0.0038834951456310682,0.0,1,1.0,0.0019455252918287938,0.0038834951456310682,0.0,1,1.0,0.0019455252918287938,0.0038834951456310682,0.0,1,0.9736842105263158,0.07198443579766536,0.13405797101449274,0.02631578947368421,38,0.514,1.0,0.678996036988111,0.486,1000
5,tMH,1.9699375794112053,1.48532747743963,0.6591511160911742,0.3103951257216223,0.7985105112093976,0.6482897598688242,0.5694146258319607,0.5950533310533311,0.4098458458458458,0.7914438502673797,0.8175507243983665,2.3030015983508783,0.8253687890563143,1.3715030386014664,0.835,0.43711168020533525,1.0,0.016042780748663103,0.031578947368421054,0.0,9,0.959349593495935,0.2103386809269162,0.3450292397660819,0.04065040650406504,123,0.8780487804878049,0.5133689839572193,0.6479190101237345,0.12195121951219512,328,0.7917414721723519,0.786096256684492,0.7889087656529518,0.20825852782764812,557,0.5784008307372793,0.9928698752228164,0.7309711286089239,0.4215991692627207,963
5,SGLD,4.481919607534914,0.10366146898935606,0.050591827723097366,0.06767275915974572,0.5238138449022844,0.5114821301237277,0.516346436716307,-0.003064887064887065,-0.0015055055055055054,0.5686274509803921,0.5633471846496042,3.273484903910272,0.5119640732664986,0.9592470526637421,0.507,0.3922325900096267,0.0,0.0,0,1.0,1,0.0,0.0,0,1.0,1,0.4,0.0035650623885918,0.007067137809187279,0.6,5,0.6666666666666666,0.0427807486631016,0.08040201005025126,0.3333333333333333,36,0.5615384615384615,0.26024955436720143,0.3556638246041413,0.43846153846153846,260
5,qSGLD,1.0913856942538789,1.111775277438445,0.9078835394596596,0.8467866574279912,0.7518755017277022,0.7121083071055732,0.6994943347852921,0.6960486240486241,0.48136136136136143,0.7985739750445633,0.8305498439479185,3.0594900550921014,0.8565975986584321,0.5134506684146506,0.317,0.5415388599695677,1.0,0.0017825311942959,0.0035587188612099642,0.0,1,1.0,0.0017825311942959,0.0035587188612099642,0.0,1,1.0,0.0017825311942959,0.0035587188612099642,0.0,1,1.0,0.008912655971479501,0.017667844522968195,0.0,5,0.561,1.0,0.7187700192184499,0.439,1000
5,cycSGLD,1.0038419813194697,1.0780487728008838,0.9591241385429291,0.9331535151622103,0.7458999105482899,0.7227595150220373,0.7175259209396428,0.6456645216645216,0.44211811811811813,0.7754010695187166,0.8105509403125927,3.2505300799210963,0.8291003293013208,0.06312654930544125,0.009,0.9598726832306728,1.0,0.0017825311942959,0.0035587188612099642,0.0,1,1.0,0.0017825311942959,0.0035587188612099642,0.0,1,1.0,0.0017825311942959,0.0035587188612099642,0.0,1,1.0,0.0017825311942959,0.0035587188612099642,0.0,1,0.561,1.0,0.7187700192184499,0.439,1000
5,SGHMC,1.6423951653379767,0.3836323860567674,0.15787716175956001,0.2014607789274977,0.5930356468511756,0.5386154707498899,0.5492522450355379,0.2707249627249627,0.18133733733733737,0.64349376114082,0.6604881584542115,2.6937117603490983,0.6348937587045587,0.7042609281078379,0.379,0.4001599089417501,1.0,0.0017825311942959,0.0035587188612099642,0.0,1,1.0,0.0017825311942959,0.0035587188612099642,0.0,1,1.0,0.0017825311942959,0.0035587188612099642,0.0,1,1.0,0.0017825311942959,0.0035587188612099642,0.0,1,0.7536231884057971,0.09269162210338681,0.1650793650793651,0.2463768115942029,69
5,AWSGLD,1.0975388508951105,1.1217545945287304,0.8849767303439177,0.809915394508265,0.7535404326911918,0.7072325433400989,0.6915689296121833,0.7013403293403294,0.48583383383383383,0.803921568627451,0.8346813497831123,2.9830252258871797,0.8583679485461609,0.6016072561024607,0.416,0.5320420914982317,1.0,0.0017825311942959,0.0035587188612099642,0.0,1,1.0,0.0017825311942959,0.0035587188612099642,0.0,1,1.0,0.0017825311942959,0.0035587188612099642,0.0,1,1.0,0.0374331550802139,0.07216494845360824,0.0,21,0.561,1.0,0.7187700192184499,0.439,1000
6,tMH,1.9394046843653647,1.0391700322773987,0.5183341753566575,0.2728390579693947,0.7199650667288471,0.6162591600552525,0.5629901478417997,0.4206084486084486,0.2847007007007007,0.6882882882882883,0.7232753768544059,2.58764390552485,0.7117319566757769,1.3806281355245473,0.808,0.40563009860218874,1.0,0.0018018018018018018,0.0035971223021582736,0.0,1,0.9333333333333333,0.07567567567567568,0.14,0.06666666666666667,45,0.8765432098765432,0.25585585585585585,0.396094839609484,0.12345679012345678,162,0.7587209302325582,0.4702702702702703,0.5806451612903225,0.24127906976744187,344,0.6093552465233881,0.8684684684684685,0.7161961367013373,0.3906447534766119,791
6,SGLD,4.85596858592195,-0.011908181448582491,-0.07233578517273445,-0.08689241507862003,0.4970128469412646,0.482831658670941,0.4808351101395134,0.04194349794349795,0.02806006006006006,0.563963963963964,0.5788476827183359,3.364739930297529,0.5334143131895941,1.0595353241191359,0.524,0.3896350019412826,1.0,0.0018018018018018018,0.0035971223021582736,0.0,1,1.0,0.0018018018018018018,0.0035971223021582736,0.0,1,0.8181818181818182,0.016216216216216217,0.03180212014134276,0.18181818181818182,11,0.6388888888888888,0.04144144144144144,0.077834179357022,0.3611111111111111,36,0.5969387755102041,0.21081081081081082,0.31158455392809586,0.4030612244897959,196
6,qSGLD,1.1566633909396102,1.1260330788241715,0.9735790007965666,0.8604520614344097,0.7540742147652076,0.7248997161771116,0.7020049111297197,0.6206322086322087,0.42878478478478477,0.7765765765765765,0.805920306824718,3.214661628040794,0.8186982488106084,0.6314481329555004,0.422,0.4494976738064011,1.0,0.0018018018018018018,0.0035971223021582736,0.0,1,1.0,0.0018018018018018018,0.0035971223021582736,0.0,1,1.0,0.0018018018018018018,0.0035971223021582736,0.0,1,0.9777777777777777,0.07927927927927927,0.14666666666666667,0.022222222222222223,45,0.555,1.0,0.7138263665594855,0.445,1000
6,cycSGLD,1.0029281418487834,1.0678485541069838,0.9493385860100546,0.9557289327392712,0.7439501624987418,0.7207896154493433,0.7220677482218946,0.5557974397974398,0.37002202202202206,0.7153153153153153,0.7556801664622019,3.405050256867421,0.761068934102642,0.06376330589414138,0.012,0.9519517805995822,1.0,0.0018018018018018018,0.0035971223021582736,0.0,1,1.0,0.0018018018018018018,0.0035971223021582736,0.0,1,1.0,0.0018018018018018018,0.0035971223021582736,0.0,1,1.0,0.0018018018018018018,0.0035971223021582736,0.0,1,0.555,1.0,0.7138263665594855,0.445,1000
6,SGHMC,1.791966850080786,0.18884149973163036,0.09202703816806032,-0.015729348612701827,0.5458524350844031,0.5224474666721409,0.49621751431981126,0.2513927993927994,0.16767567567567568,0.645045045045045,0.6725407974356853,2.7968452516713467,0.644178560583055,0.7950954760234592,0.407,0.3913958319949797,1.0,0.0018018018018018018,0.0035971223021582736,0.0,1,1.0,0.0018018018018018018,0.0035971223021582736,0.0,1,1.0,0.0018018018018018018,0.0035971223021582736,0.0,1,1.0,0.0018018018018018018,0.0035971223021582736,0.0,1,0.8846153846153846,0.04144144144144144,0.07917383820998279,0.11538461538461539,26
6,AWSGLD,1.1625274315079146,1.1414169060148118,0.9791413160886768,0.8461610242812035,0.7566553277257817,0.7257322231197703,0.6988365618037118,0.6159353079353079,0.4249249249249249,0.7765765765765765,0.805370464935774,3.1855746538826626,0.8181637817592875,0.7161455591360425,0.526,0.441919019932872,1.0,0.0018018018018018018,0.0035971223021582736,0.0,1,1.0,0.0018018018018018018,0.0035971223021582736,0.0,1,1.0,0.0018018018018018018,0.0035971223021582736,0.0,1,0.96,0.12972972972972974,0.2285714285714286,0.04,75,0.555,1.0,0.7138263665594855,0.445,1000
7,tMH,1.989798133053126,1.6628096034629776,1.04688856317178,0.3423815099269538,0.8223082252877953,0.7210892660480629,0.5775832794702611,0.6158596478596479,0.4249089089089089,0.7751371115173674,0.8032108823824304,2.6249850962272387,0.8213373367071443,1.4019166474115428,0.836,0.4360713672511732,1.0,0.03290676416819013,0.06371681415929203,0.0,18,0.8820754716981132,0.34186471663619744,0.4927536231884058,0.1179245283018868,212,0.8090349075975359,0.720292504570384,0.7620889748549323,0.19096509240246407,487,0.6855172413793104,0.9085923217550275,0.7814465408805031,0.31448275862068964,725,0.547,1.0,0.707175177763413,0.453,1000
7,SGLD,4.8435806430062085,0.05535239197822106,0.08833996552319774,-0.029557369996377345,0.5116733150863798,0.5197575643764535,0.4936780571914398,0.023803931803931807,0.015995995995995996,0.5521023765996343,0.572146507732775,3.3642743425823634,0.5189373302500898,1.0340402474878065,0.538,0.3793258525892249,1.0,0.0018281535648994515,0.0036496350364963507,0.0,1,1.0,0.0018281535648994515,0.0036496350364963507,0.0,1,0.8888888888888888,0.014625228519195612,0.028776978417266185,0.1111111111111111,9,0.6785714285714286,0.06946983546617916,0.12603648424543948,0.32142857142857145,56,0.5801526717557252,0.27787934186471663,0.3757725587144623,0.4198473282442748,262
7,qSGLD,1.1228669572731933,1.1692276955184095,0.9075110814426556,0.8299967786052935,0.7622440133139861,0.7117335878813738,0.6957361808125151,0.6966625806625807,0.47643243243243244,0.8025594149908593,0.833991260211541,3.147621600980513,0.8540665318756532,0.5756796535583836,0.395,0.5174650882215095,1.0,0.0018281535648994515,0.0036496350364963507,0.0,1,1.0,0.0018281535648994515,0.0036496350364963507,0.0,1,1.0,0.0018281535648994515,0.0036496350364963507,0.0,1,1.0,0.07678244972577697,0.14261460101867574,0.0,42,0.547,1.0,0.707175177763413,0.453,1000
7,cycSGLD,1.0040893049816506,1.0756820469515909,0.9437483573430615,0.9511998162222571,0.7454525564387434,0.7196228146524588,0.7211465331791503,0.56786757986758,0.3774614614614615,0.7477148080438757,0.7836310916643636,3.4281073186998623,0.7908196827164827,0.06443808149224779,0.016,0.962356516862997,1.0,0.0018281535648994515,0.0036496350364963507,0.0,1,1.0,0.0018281535648994515,0.0036496350364963507,0.0,1,1.0,0.0018281535648994515,0.0036496350364963507,0.0,1,1.0,0.0018281535648994515,0.0036496350364963507,0.0,1,0.547,1.0,0.707175177763413,0.453,1000
7,SGHMC,1.7587517822280947,0.3824018030793521,0.2234789023009004,-0.017205395185494476,0.5918215027100053,0.5539245504514352,0.495839454687256,0.3997589677589678,0.2675835835835836,0.6782449725776966,0.705076867455954,2.589297082849359,0.6989882602677256,0.7742937206449374,0.434,0.40123026088888986,1.0,0.0018281535648994515,0.0036496350364963507,0.0,1,1.0,0.0018281535648994515,0.0036496350364963507,0.0,1,1.0,0.0018281535648994515,0.0036496350364963507,0.0,1,1.0,0.0018281535648994515,0.0036496350364963507,0.0,1,0.8095238095238095,0.18647166361974407,0.3031203566121843,0.19047619047619047,126
7,AWSGLD,1.1174052857926948,1.1888805707445607,0.9017018472113831,0.8052645155616126,0.7656368611528739,0.7104294043344146,0.6903925162333122,0.7108766788766789,0.48864864864864865,0.8025594149908593,0.8345623270806338,3.0931090382368502,0.862327526019912,0.6384921846116385,0.453,0.5238025733737862,1.0,0.0018281535648994515,0.0036496350364963507,0.0,1,1.0,0.0018281535648994515,0.0036496350364963507,0.0,1,1.0,0.0018281535648994515,0.0036496350364963507,0.0,1,1.0,0.14442413162705667,0.2523961661341853,0.0,79,0.547,1.0,0.707175177763413,0.453,1000
8,tMH,1.9423890733134166,1.4125432267187412,0.6749456594207089,0.3067633891485812,0.785244785097855,0.6478661313017627,0.5699307776618224,0.5626495186495187,0.38488088088088085,0.7495495495495496,0.7803640994341781,2.315294013956872,0.7907278064581436,1.3552026321396617,0.818,0.43107364902795803,1.0,0.014414414414414415,0.02841918294849023,0.0,8,0.9217391304347826,0.19099099099099098,0.3164179104477612,0.0782608695652174,115,0.8417721518987342,0.47927927927927927,0.6107921928817451,0.15822784810126583,316,0.7509090909090909,0.7441441441441441,0.7475113122171945,0.24909090909090909,550,0.5786694825765576,0.9873873873873874,0.729693741677763,0.42133051742344246,947
8,SGLD,4.987143808121272,0.06075610776340472,0.06252097883215418,0.018780006634611168,0.5145094967274322,0.5139698228483927,0.5054719266148796,0.021563757563757568,0.014266266266266267,0.5657657657657658,0.5668686604260621,3.2616218351484467,0.5042372709788441,1.076754756839552,0.543,0.39080467923454326,1.0,0.0018018018018018018,0.0035971223021582736,0.0,1,1.0,0.0018018018018018018,0.0035971223021582736,0.0,1,0.6,0.010810810810810811,0.02123893805309735,0.4,10,0.5294117647058824,0.04864864864864865,0.0891089108910891,0.47058823529411764,51,0.5627118644067797,0.2990990990990991,0.3905882352941176,0.43728813559322033,295
8,qSGLD,1.110582579393867,1.135084313638439,1.006537716752641,0.8369394669014393,0.7561205530171101,0.7317280875431573,0.6972771928304059,0.6815116895116895,0.4790710710710711,0.7963963963963964,0.821365200297219,3.0339032662248013,0.8504828423929548,0.5534754860919007,0.337,0.4972713662090395,1.0,0.0018018018018018018,0.0035971223021582736,0.0,1,1.0,0.0018018018018018018,0.0035971223021582736,0.0,1,1.0,0.0018018018018018018,0.0035971223021582736,0.0,1,1.0,0.02882882882882883,0.05604203152364274,0.0,16,0.555,1.0,0.7138263665594855,0.445,1000
8,cycSGLD,1.0034733125519968,1.0727387384015155,0.9799063182417259,0.9175745959592748,0.7449002829382984,0.726906437993092,0.7143870871424135,0.6763996963996964,0.4734014014014014,0.790990990990991,0.8203956900171359,3.180683943272242,0.8465431723858691,0.06126945546368801,0.014,0.9525446337548772,1.0,0.0018018018018018018,0.0035971223021582736,0.0,1,1.0,0.0018018018018018018,0.0035971223021582736,0.0,1,1.0,0.0018018018018018018,0.0035971223021582736,0.0,1,1.0,0.0018018018018018018,0.0035971223021582736,0.0,1,0.555,1.0,0.7138263665594855,0.445,1000
8,SGHMC,1.7676286325540078,0.2556529203674928,0.12489239601341912,0.0002468027800943877,0.5616521352649081,0.530308276566111,0.49999932275782444,0.2674319074319075,0.18103303303303303,0.6414414414414414,0.6611523634422599,2.5879934658355603,0.639676080574957,0.7850215354187912,0.455,0.39371076781339626,1.0,0.0018018018018018018,0.0035971223021582736,0.0,1,1.0,0.0018018018018018018,0.0035971223021582736,0.0,1,1.0,0.0018018018018018018,0.0035971223021582736,0.0,1,1.0,0.0018018018018018018,0.0035971223021582736,0.0,1,0.7428571428571429,0.0936936936936937,0.16640000000000002,0.2571428571428571,70
8,AWSGLD,1.105081059796749,1.143539108547546,1.0068119576193402,0.8103790529830427,0.7575574894738094,0.7316620989477259,0.691555420773715,0.6858414618414619,0.48188188188188186,0.8,0.8243425278752186,2.989163745500617,0.8536896447008806,0.620351284666322,0.418,0.501306930815513,1.0,0.0018018018018018018,0.0035971223021582736,0.0,1,1.0,0.0018018018018018018,0.0035971223021582736,0.0,1,1.0,0.0018018018018018018,0.0035971223021582736,0.0,1,1.0,0.04504504504504504,0.08620689655172413,0.0,25,0.555,1.0,0.7138263665594855,0.445,1000
9,tMH,1.960336920066329,1.4032802200650645,0.8441315335143923,0.12822855114909842,0.7860138784558786,0.6868415548090036,0.530079114043996,0.6280821640821641,0.4380260260260261,0.7823741007194245,0.8059694900796862,2.2283984020291965,0.8196213299630566,1.3818742076791761,0.838,0.43410937555811824,1.0,0.007194244604316547,0.014285714285714287,0.0,4,0.9032258064516129,0.1510791366906475,0.2588597842835131,0.0967741935483871,93,0.835016835016835,0.4460431654676259,0.5814771395076201,0.16498316498316498,297,0.7833333333333333,0.7607913669064749,0.7718978102189782,0.21666666666666667,540,0.5864262990455992,0.9946043165467626,0.7378252168112076,0.4135737009544008,943
9,SGLD,4.658950951065344,0.05247425701162026,0.07685672203359369,-0.12794159900722166,0.5118493089717123,0.5169384098744313,0.4693312683895267,0.11229820029820028,0.07415015015015015,0.579136690647482,0.5937634081644952,3.14876156520512,0.5448141486810552,1.0069276159678786,0.527,0.3938335093458794,1.0,0.0017985611510791368,0.003590664272890485,0.0,1,1.0,0.00539568345323741,0.010733452593917711,0.0,3,0.6875,0.019784172661870502,0.03846153846153846,0.3125,16,0.6938775510204082,0.06115107913669065,0.11239669421487605,0.30612244897959184,49,0.6036866359447005,0.2356115107913669,0.3389391979301424,0.39631336405529954,217
9,qSGLD,1.150542112674711,1.1264312677121817,0.8763292142069026,0.7545328101302098,0.7542139832335021,0.7052864138143161,0.6795704977514359,0.717053937053937,0.4981461461461462,0.8111510791366906,0.8408677421332315,3.001504527474216,0.8704225808542355,0.624180955023017,0.445,0.49107223732283395,1.0,0.0017985611510791368,0.003590664272890485,0.0,1,1.0,0.0017985611510791368,0.003590664272890485,0.0,1,1.0,0.0017985611510791368,0.003590664272890485,0.0,1,1.0,0.07194244604316546,0.1342281879194631,0.0,40,0.556,1.0,0.7146529562982006,0.444,1000
9,cycSGLD,1.0027605751119237,1.0699475372576803,0.9459550620629034,0.9604436186320655,0.7443706413477943,0.7200956159725098,0.722995877162708,0.5370726690726692,0.35227227227227226,0.7356115107913669,0.771662522155366,3.4154845032037553,0.7753216345842247,0.06409653223379028,0.012,0.9566661688494102,1.0,0.0017985611510791368,0.003590664272890485,0.0,1,1.0,0.0017985611510791368,0.003590664272890485,0.0,1,1.0,0.0017985611510791368,0.003590664272890485,0.0,1,1.0,0.0017985611510791368,0.003590664272890485,0.0,1,0.556,1.0,0.7146529562982006,0.444,1000
9,SGHMC,1.6899086916190051,0.35909120090103075,0.27235848273708935,-0.1362830556738106,0.5867319447831248,0.565982634233405,0.4666282626868889,0.5001937881937882,0.3381901901901902,0.7356115107913669,0.7513051266212663,2.415488118077825,0.763238058202087,0.7369260294261667,0.414,0.42528049929407624,1.0,0.0017985611510791368,0.003590664272890485,0.0,1,1.0,0.0017985611510791368,0.003590664272890485,0.0,1,1.0,0.0017985611510791368,0.003590664272890485,0.0,1,1.0,0.0017985611510791368,0.003590664272890485,0.0,1,0.8105263157894737,0.13848920863309352,0.23655913978494625,0.18947368421052632,95
9,AWSGLD,1.1481816987840276,1.1344951347917815,0.8525261560962277,0.6900695791575495,0.7552849813963743,0.7000030794442331,0.6652070484313342,0.7167367287367288,0.4994754754754755,0.8075539568345323,0.8374315922706647,2.8867210367753136,0.8698028064035257,0.7171567441173236,0.515,0.4879851977930223,1.0,0.0017985611510791368,0.003590664272890485,0.0,1,1.0,0.0017985611510791368,0.003590664272890485,0.0,1,1.0,0.0017985611510791368,0.003590664272890485,0.0,1,0.987012987012987,0.1366906474820144,0.24012638230647712,0.012987012987012988,77,0.556,1.0,0.7146529562982006,0.444,1000
