#truth,54,n,100,mu,1.8,alpha,0.2,zeta,1.0
seed,method,rmed,rq95,rmax,ess,thS,thW,thN,piS,piW,piN,lowU,spearman,kendall,topk,ndcg,mse,auc,sigma_raw,cov90,jaccard,P0.05,R0.05,F0.05,rFDR0.05,nsel0.05,P0.1,R0.1,F0.1,rFDR0.1,nsel0.1,P0.15,R0.15,F0.15,rFDR0.15,nsel0.15,P0.2,R0.2,F0.2,rFDR0.2,nsel0.2,P0.3,R0.3,F0.3,rFDR0.3,nsel0.3
0,SGLD,4.864012375161166,8.759482371192295,10.035926369279153,4.4614456231817385,0.2779867357888135,-0.09978779514947654,-0.11331972756532234,0.5601023126584045,0.47656609752141227,0.47562311949152103,160.56922348493993,0.28865286528652867,0.19595959595959597,0.5510204081632653,0.5649854330117974,2.4248066715356034,0.633453381352541,1.1321359959887536,0.63,0.34927982777297845,0.0,0.0,0,1.0,1,0.0,0.0,0,1.0,1,0.0,0.0,0,1.0,1,0.8571428571428571,0.12244897959183673,0.21428571428571427,0.14285714285714285,7,0.5757575757575758,0.3877551020408163,0.4634146341463415,0.42424242424242425,33
0,qSGLD,1.7085719672620658,2.8819771502323843,3.982377661917808,6.713582605973688,2.854542406531402,-0.3003386545020824,-2.1819784272024405,0.9239235809258746,0.43641300507529296,0.13346467929977324,166.7994307766644,0.8704830483048304,0.6614141414141416,0.8571428571428571,0.8979139500700453,1.409953206514201,0.9339735894357742,1.525921618142478,0.99,0.8384736332849542,1.0,0.5918367346938775,0.7435897435897436,0.0,29,0.925,0.7551020408163265,0.8314606741573034,0.075,40,0.851063829787234,0.8163265306122449,0.8333333333333334,0.14893617021276595,47,0.8301886792452831,0.8979591836734694,0.8627450980392157,0.16981132075471697,53,0.6923076923076923,0.9183673469387755,0.7894736842105262,0.3076923076923077,65
0,cycSGLD,1.0085018953031901,1.0187546929818,1.0250718368132892,276.6693547370751,1.0261860709722193,0.9290318623420635,1.0329654775317785,0.7344974110693883,0.7144994081258402,0.7340921681967313,68.70010291901102,-0.013573357335733572,0.0012121212121212123,0.4489795918367347,0.38914795196625585,3.7943327966881046,0.45898359343737494,0.05517005187916752,0.01,0.9666666666666667,0.0,0.0,0,1.0,1,0.0,0.0,0,1.0,1,0.0,0.0,0,1.0,1,0.23076923076923078,0.061224489795918366,0.0967741935483871,0.7692307692307693,13,0.49,1.0,0.6577181208053691,0.51,100
0,SGHMC,2.1474058477043796,3.522202046335856,4.597614662601984,4.764476495329797,1.2019677555205095,-0.09643106156669824,-0.6420190531318302,0.7573578253115558,0.4758977494094562,0.3529260085852302,109.94885075218419,0.7956555655565556,0.5903030303030303,0.8163265306122449,0.8650668702665955,1.0392738890321815,0.8887555022008803,0.9613262798178661,0.82,0.5436580966822903,1.0,0.02040816326530612,0.039999999999999994,0.0,1,1.0,0.02040816326530612,0.039999999999999994,0.0,1,1.0,0.22448979591836735,0.36666666666666664,0.0,11,0.9629629629629629,0.5306122448979592,0.6842105263157895,0.037037037037037035,27,0.8076923076923077,0.8571428571428571,0.8316831683168318,0.19230769230769232,52
0,AWSGLD,1.5358038220559262,2.476926004447485,3.4749029556832776,6.355225845426014,2.8645948722924053,-0.17699843419281916,-2.2032749372859413,0.9173889541767982,0.46544513649747143,0.14910363417734596,178.285729155292,0.8397119711971196,0.6315151515151516,0.8367346938775511,0.8821274063343993,1.8300167799470362,0.9163665466186474,1.7747596386559703,1.0,0.7306210834682437,0.9666666666666667,0.5918367346938775,0.7341772151898733,0.03333333333333333,30,0.9024390243902439,0.7551020408163265,0.8222222222222222,0.0975609756097561,41,0.8541666666666666,0.8367346938775511,0.845360824742268,0.14583333333333334,48,0.7818181818181819,0.8775510204081632,0.8269230769230769,0.21818181818181817,55,0.6764705882352942,0.9387755102040817,0.7863247863247864,0.3235294117647059,68
0,acMH,1.2054977994171052,1.499969061787079,1.690882536091287,12.70649800349397,4.119836442585337,1.5941638128010718,-1.2770734268693356,0.9747025520008625,0.7782112391797406,0.2471793504667956,224.7903610324718,0.8882808280828082,0.6921212121212122,0.8571428571428571,0.8953850823073771,3.6960389883687372,0.9391756702681072,2.5667495470397443,0.98,0.8209368316286555,0.8235294117647058,0.8571428571428571,0.84,0.17647058823529413,51,0.7301587301587301,0.9387755102040817,0.8214285714285714,0.2698412698412698,63,0.7,1.0,0.8235294117647058,0.3,70,0.6447368421052632,1.0,0.7839999999999999,0.35526315789473684,76,0.5384615384615384,1.0,0.7000000000000001,0.46153846153846156,91
1,SGLD,5.643642459603169,10.47821496892783,17.2100542913118,4.776274736089581,0.41573997741795676,0.16169036175145735,-0.047181489558267356,0.5933377825726099,0.5397532323100788,0.49159801173008655,179.8502948984899,0.18909090909090906,0.13252525252525255,0.5686274509803921,0.6344585626206668,2.552930232113447,0.5798319327731091,1.3105914719216867,0.64,0.36743766717141213,1.0,0.0196078431372549,0.038461538461538464,0.0,1,1.0,0.0196078431372549,0.038461538461538464,0.0,1,1.0,0.09803921568627451,0.17857142857142855,0.0,5,0.8,0.1568627450980392,0.2622950819672131,0.2,10,0.5581395348837209,0.47058823529411764,0.5106382978723404,0.4418604651162791,43
1,qSGLD,1.7255465669462473,2.874917518956404,3.5739672848150916,6.4879433170194245,1.8427280276052413,0.33360630746262665,-1.7717225217794204,0.8212627940947227,0.5667203500428707,0.18547110838284456,185.54540430300713,0.7583438343834382,0.5543434343434345,0.803921568627451,0.8511367883934663,1.2764660901272658,0.8983593437374949,1.4883177671654755,0.94,0.6553075396825396,1.0,0.19607843137254902,0.3278688524590164,0.0,10,0.9333333333333333,0.5490196078431373,0.6913580246913581,0.06666666666666667,30,0.8409090909090909,0.7254901960784313,0.7789473684210527,0.1590909090909091,44,0.7924528301886793,0.8235294117647058,0.8076923076923077,0.20754716981132076,53,0.6901408450704225,0.9607843137254902,0.8032786885245901,0.30985915492957744,71
1,cycSGLD,1.0050316202759353,1.0154050762032258,1.0209926286686148,226.73704091972485,1.0480519767352767,0.9639537573201385,0.9730700376395,0.7389070472807174,0.7220303827758016,0.7239588428914953,67.98488714197468,0.20506450645064503,0.13858585858585862,0.6078431372549019,0.6459641149348524,3.232679793591804,0.646658663465386,0.052112215433579384,0.03,0.9807692307692308,1.0,0.0196078431372549,0.038461538461538464,0.0,1,1.0,0.0196078431372549,0.038461538461538464,0.0,1,1.0,0.0196078431372549,0.038461538461538464,0.0,1,0.75,0.058823529411764705,0.10909090909090909,0.25,4,0.51,1.0,0.6754966887417219,0.49,100
1,SGHMC,2.8056163692565343,4.816495475644718,6.601671608596313,5.552664818691825,0.9547698551436771,0.37506608017336923,-0.4864396374770857,0.7037891558589551,0.5828574490461081,0.391177371642721,144.47774900097417,0.5847944794479448,0.42060606060606065,0.803921568627451,0.8328907648109333,1.6024038202945903,0.822328931572629,1.2546596072042133,0.86,0.42914262887637383,1.0,0.0196078431372549,0.038461538461538464,0.0,1,1.0,0.0196078431372549,0.038461538461538464,0.0,1,0.9230769230769231,0.23529411764705882,0.375,0.07692307692307693,13,0.8214285714285714,0.45098039215686275,0.5822784810126583,0.17857142857142858,28,0.7213114754098361,0.8627450980392157,0.7857142857142857,0.2786885245901639,61
1,AWSGLD,1.5480920705894632,2.3048106870955927,2.696251192257909,7.06592706992275,1.8983171270097887,0.4106603399180315,-1.9097938199390159,0.8257585261007623,0.5812849555220391,0.17595050357142836,195.21003598912762,0.755055505550555,0.5507070707070708,0.803921568627451,0.8485865979396133,1.4289737068483976,0.8883553421368547,1.7279180553980709,0.95,0.6600959757340001,1.0,0.23529411764705882,0.38095238095238093,0.0,12,0.90625,0.5686274509803921,0.6987951807228915,0.09375,32,0.8478260869565217,0.7647058823529411,0.8041237113402062,0.15217391304347827,46,0.7454545454545455,0.803921568627451,0.7735849056603775,0.2545454545454545,55,0.6944444444444444,0.9803921568627451,0.8130081300813009,0.3055555555555556,72
1,acMH,1.2162216688031575,1.5208204785811348,1.7486773588270514,10.580693914296727,3.5662272263448536,1.9619295491595685,-0.08947858391761396,0.9628926252550385,0.8469436323677139,0.47509439809186577,152.63839494830535,0.8386678667866786,0.6282828282828284,0.8431372549019608,0.8879552522387609,4.1043655108265265,0.9395758303321329,2.410347761801198,0.9,0.8496284904179641,0.8181818181818182,0.8823529411764706,0.8490566037735848,0.18181818181818182,55,0.7083333333333334,1.0,0.8292682926829268,0.2916666666666667,72,0.6144578313253012,1.0,0.7611940298507462,0.3855421686746988,83,0.5483870967741935,1.0,0.7083333333333333,0.45161290322580644,93,0.51,1.0,0.6754966887417219,0.49,100
2,SGLD,5.757103582894335,10.069715057790946,11.836051889553191,4.351865202495734,0.08375359961647538,0.30423633686447377,-0.05469323811164948,0.5185449665773507,0.5655575086271014,0.48584295654888604,171.44777834030515,0.043888388838883886,0.023030303030303033,0.603448275862069,0.6231150072210215,2.6966302798071644,0.5316091954022988,1.1885785060993683,0.69,0.4218716301650449,1.0,0.017241379310344827,0.03389830508474576,0.0,1,1.0,0.017241379310344827,0.03389830508474576,0.0,1,0.5,0.034482758620689655,0.06451612903225806,0.5,4,0.5833333333333334,0.1206896551724138,0.2,0.4166666666666667,12,0.6052631578947368,0.39655172413793105,0.47916666666666674,0.39473684210526316,38
2,qSGLD,1.5339608065371442,2.2703374893595356,2.830600147489581,9.956899439596851,1.7584426867414886,-0.033113058245204136,-0.6831811798583217,0.8309140778022165,0.49106726554730634,0.35202539605500344,127.90907345012835,0.7447224722472247,0.5248484848484849,0.8275862068965517,0.8712323232069256,1.0443461422983416,0.8854679802955666,1.3012771080226884,0.96,0.6936438862804476,1.0,0.05172413793103448,0.09836065573770492,0.0,3,0.9545454545454546,0.3620689655172414,0.525,0.045454545454545456,22,0.925,0.6379310344827587,0.7551020408163266,0.075,40,0.8518518518518519,0.7931034482758621,0.8214285714285715,0.14814814814814814,54,0.72,0.9310344827586207,0.8120300751879699,0.28,75
2,cycSGLD,1.0076027722747054,1.0240640766327274,1.033466562490982,161.54039533240578,1.0479665262655873,0.9968599434991611,0.9145755626295712,0.7384271833416245,0.7276776212896725,0.7114112745072191,69.3324427557907,0.16544854485448543,0.10101010101010102,0.6206896551724138,0.5956161226358657,2.622642328049126,0.5734811165845649,0.04776550770269765,0.03,0.9774011299435029,0.0,0.0,0,1.0,1,0.0,0.0,0,1.0,1,0.0,0.0,0,1.0,1,0.5833333333333334,0.1206896551724138,0.2,0.4166666666666667,12,0.58,1.0,0.7341772151898733,0.42,100
2,SGHMC,2.3268696169106944,4.007085373244578,5.182936225504691,5.481203330202977,0.6227383989220157,0.3866711156790468,-0.3433562272583548,0.6379973091170689,0.5861265014105266,0.42160736554008804,114.36142591470059,0.42636663666366637,0.2832323232323233,0.7413793103448276,0.7501315396798778,1.7303520545953106,0.731527093596059,1.029287068593315,0.74,0.5003945140654001,1.0,0.017241379310344827,0.03389830508474576,0.0,1,1.0,0.017241379310344827,0.03389830508474576,0.0,1,0.75,0.05172413793103448,0.0967741935483871,0.25,4,0.6875,0.1896551724137931,0.2972972972972973,0.3125,16,0.7592592592592593,0.7068965517241379,0.7321428571428572,0.24074074074074073,54
2,AWSGLD,1.3506969840876717,1.7824296487054847,2.143761725663675,9.98923240423024,1.474818678836059,-0.010389861613791363,-0.5938897626949893,0.7973577577257693,0.49653212684126924,0.3666930169392262,125.00661638563065,0.734089408940894,0.5131313131313132,0.8275862068965517,0.8726304756580625,0.9651504872122844,0.8842364532019705,1.3023432766996967,0.96,0.7060053526061085,1.0,0.017241379310344827,0.03389830508474576,0.0,1,1.0,0.1206896551724138,0.21538461538461542,0.0,7,1.0,0.5,0.6666666666666666,0.0,29,0.8695652173913043,0.6896551724137931,0.7692307692307693,0.13043478260869565,46,0.7285714285714285,0.8793103448275862,0.796875,0.2714285714285714,70
2,acMH,1.1450400381092751,1.348839256917813,1.5447524522206093,12.176015382546176,2.8324637368859906,1.6214177496109115,0.8459030099525021,0.9345162707222917,0.8254672940007081,0.6913108306543999,120.33250419080628,0.7710291029102909,0.5454545454545455,0.8103448275862069,0.8599207657754175,3.576889756493527,0.8715106732348111,1.6797790677223732,0.85,0.6653788602601686,1.0,0.5689655172413793,0.7252747252747253,0.0,33,0.7428571428571429,0.896551724137931,0.8125,0.2571428571428571,70,0.6105263157894737,1.0,0.7581699346405228,0.3894736842105263,95,0.58,1.0,0.7341772151898733,0.42,100,0.58,1.0,0.7341772151898733,0.42,100
3,SGLD,4.661718258982635,9.20228624758799,11.83569983041779,4.094559074807206,0.0855717989212172,0.11178625442566245,-0.09083669348504518,0.518088718756341,0.5264908976772115,0.47775845260324906,151.51441912062552,0.09906990699069906,0.06424242424242425,0.6271186440677966,0.6764427939402416,2.338076320258379,0.5684167011161637,1.0355251599273996,0.64,0.4089886178938466,1.0,0.01694915254237288,0.03333333333333333,0.0,1,1.0,0.01694915254237288,0.03333333333333333,0.0,1,1.0,0.01694915254237288,0.03333333333333333,0.0,1,1.0,0.05084745762711865,0.0967741935483871,0.0,3,0.7142857142857143,0.2542372881355932,0.375,0.2857142857142857,21
3,qSGLD,1.5698122540821111,2.4593099347768925,3.2776754923304927,7.43167585470403,1.659193339996868,1.076865126397817,-0.4375397420166507,0.8241280299807701,0.7264209513515305,0.39910350356244234,134.53646527197083,0.7293249324932493,0.5252525252525253,0.847457627118644,0.8792006065689665,1.2618165176616574,0.8830095080611823,1.3261760374386697,0.89,0.6830349312079024,1.0,0.01694915254237288,0.03333333333333333,0.0,1,1.0,0.3050847457627119,0.4675324675324675,0.0,18,0.8936170212765957,0.711864406779661,0.7924528301886792,0.10638297872340426,47,0.803030303030303,0.8983050847457628,0.8480000000000001,0.19696969696969696,66,0.6413043478260869,1.0,0.7814569536423841,0.358695652173913,92
3,cycSGLD,1.0064971319847067,1.0173944761024034,1.0245534671661258,172.17348190511845,1.0749811904951996,0.9550683502181634,0.9519254326798808,0.7436958289033557,0.7211091908065986,0.7201286802868486,72.80253783049835,0.2753075307530753,0.18909090909090912,0.6271186440677966,0.6869429965100894,2.6283774585444375,0.635386523356759,0.053446568164462444,0.02,0.9666666666666667,1.0,0.01694915254237288,0.03333333333333333,0.0,1,1.0,0.01694915254237288,0.03333333333333333,0.0,1,1.0,0.01694915254237288,0.03333333333333333,0.0,1,0.8571428571428571,0.1016949152542373,0.18181818181818182,0.14285714285714285,7,0.59,1.0,0.7421383647798743,0.41,100
3,SGHMC,2.1437780075685327,3.3857339976115446,5.161322060288994,5.939866885992505,0.44231844803135006,0.3242689848501531,-0.3773561948178435,0.6016657047737163,0.5733709713460082,0.41055231277494336,114.18694726297494,0.47645964596459645,0.32040404040404047,0.7457627118644068,0.7817018166594806,1.6216413186090717,0.7507234394377843,0.9233206750978427,0.75,0.514433135667313,1.0,0.01694915254237288,0.03333333333333333,0.0,1,1.0,0.01694915254237288,0.03333333333333333,0.0,1,1.0,0.01694915254237288,0.03333333333333333,0.0,1,1.0,0.05084745762711865,0.0967741935483871,0.0,3,0.8055555555555556,0.4915254237288136,0.6105263157894737,0.19444444444444445,36
3,AWSGLD,1.444239511149763,2.0837756051141207,2.441729334496821,10.135498488570093,1.686129965462369,1.2925817092525567,-0.19559559509765753,0.8334140029307904,0.77246599131978,0.45178516150266673,147.84232189549186,0.7362496249624962,0.5325252525252526,0.8305084745762712,0.8689964748382452,1.4382041606001013,0.8867300537412154,1.3459650918761006,0.94,0.6767266195347666,1.0,0.01694915254237288,0.03333333333333333,0.0,1,1.0,0.22033898305084745,0.3611111111111111,0.0,13,0.84,0.711864406779661,0.7706422018348624,0.16,50,0.7808219178082192,0.9661016949152542,0.8636363636363635,0.2191780821917808,73,0.59,1.0,0.7421383647798743,0.41,100
3,acMH,1.283953711575827,1.6986360616238982,1.9201546951472808,13.30926026616422,4.418531302495819,4.039893474141307,1.399512733653846,0.983032114850979,0.976296498533267,0.7647285038355611,200.3221950988398,0.6812721272127211,0.4763636363636364,0.847457627118644,0.873442950272779,11.294492980090247,0.8830095080611823,2.8174468194246916,0.71,0.7147010956664733,0.6483516483516484,1.0,0.7866666666666667,0.3516483516483517,91,0.59,1.0,0.7421383647798743,0.41,100,0.59,1.0,0.7421383647798743,0.41,100,0.59,1.0,0.7421383647798743,0.41,100,0.59,1.0,0.7421383647798743,0.41,100
4,SGLD,4.9388748634390245,9.96218438641463,12.674913386749754,4.3564868762553335,0.3172694369119256,0.08172025415362245,0.029333394963668432,0.5732278228860103,0.520600346754099,0.5057454437468563,162.39964366758875,0.15464746474647462,0.10020202020202022,0.660377358490566,0.6444240107807203,2.31088498354805,0.658370132476917,1.1215321492978476,0.69,0.35987180225317766,0.0,0.0,0,1.0,1,0.0,0.0,0,1.0,1,0.0,0.0,0,1.0,1,0.5,0.018867924528301886,0.03636363636363636,0.5,2,0.6451612903225806,0.37735849056603776,0.4761904761904762,0.3548387096774194,31
4,qSGLD,1.7777853234247298,2.8910614746274255,3.796202190233949,6.172026958144446,1.4466075991422913,0.7360743475087607,-0.6933584565383288,0.7849711287480982,0.659376828774714,0.35125603484228846,156.62856846639124,0.6941614161416141,0.49858585858585863,0.7924528301886793,0.8394393036211508,1.2789476619202795,0.8855881172219993,1.5520796073075687,0.93,0.5918202864635135,1.0,0.018867924528301886,0.037037037037037035,0.0,1,0.9230769230769231,0.22641509433962265,0.36363636363636365,0.07692307692307693,13,0.8787878787878788,0.5471698113207547,0.6744186046511628,0.12121212121212122,33,0.7924528301886793,0.7924528301886793,0.7924528301886793,0.20754716981132076,53,0.65,0.9811320754716981,0.781954887218045,0.35,80
4,cycSGLD,1.0087692475602679,1.0239841150333937,1.0307628035269754,204.04955882247464,1.0345302368876685,1.0120779019003256,0.9347111694795327,0.7367556217429774,0.7315006947548424,0.7159326171446061,67.57421871066794,0.16708070807080705,0.11232323232323234,0.6037735849056604,0.6068578087278811,2.8456317162409244,0.5760738659173025,0.04903864652891232,0.01,0.9814814814814814,1.0,0.018867924528301886,0.037037037037037035,0.0,1,1.0,0.018867924528301886,0.037037037037037035,0.0,1,1.0,0.018867924528301886,0.037037037037037035,0.0,1,0.5,0.05660377358490566,0.1016949152542373,0.5,6,0.53,1.0,0.6928104575163399,0.47,100
4,SGHMC,2.1760065428973654,4.270677489039039,5.597978723867288,4.738037946679121,0.6543714394629663,0.30614525468470316,-0.37964500206337676,0.6435993204261262,0.5722159417291612,0.4140777648204176,129.8288607073938,0.4932133213321332,0.3357575757575758,0.7169811320754716,0.7785099559720224,1.6565647661240155,0.7956643918105178,1.0458648430868522,0.8,0.4695363916626573,1.0,0.018867924528301886,0.037037037037037035,0.0,1,1.0,0.018867924528301886,0.037037037037037035,0.0,1,1.0,0.018867924528301886,0.037037037037037035,0.0,1,0.9333333333333333,0.2641509433962264,0.411764705882353,0.06666666666666667,15,0.7551020408163265,0.6981132075471698,0.7254901960784315,0.24489795918367346,49
4,AWSGLD,1.5565353206291466,2.4566070151334234,3.3379910874777905,7.306902721043716,1.5190603619664753,0.6074204569382714,-0.4473462630418696,0.8035003730340042,0.6362241459463974,0.3953618238474164,170.62111972450745,0.7573957395739573,0.5430303030303031,0.8113207547169812,0.8560345083251059,1.1384990063923486,0.8948213568847853,1.5298155256884718,0.94,0.5756235476758104,1.0,0.018867924528301886,0.037037037037037035,0.0,1,1.0,0.1509433962264151,0.26229508196721313,0.0,8,0.9032258064516129,0.5283018867924528,0.6666666666666666,0.0967741935483871,31,0.82,0.7735849056603774,0.796116504854369,0.18,50,0.6708860759493671,1.0,0.8030303030303031,0.3291139240506329,79
4,acMH,1.147460500793486,1.3739883994254254,1.4657782857684536,12.54227125554085,2.861657224877423,2.406769461023379,-0.04257552041594697,0.9336895478553858,0.8947746176687529,0.484714982254874,188.59992429975594,0.6897449744974496,0.47717171717171725,0.7924528301886793,0.8160225704685644,3.929165233279635,0.8631071858691289,2.3392491288677393,0.89,0.7190199189141548,0.8,0.7547169811320755,0.7766990291262137,0.2,50,0.6973684210526315,1.0,0.8217054263565892,0.3026315789473684,76,0.6091954022988506,1.0,0.7571428571428571,0.39080459770114945,87,0.5463917525773195,1.0,0.7066666666666667,0.4536082474226804,97,0.53,1.0,0.6928104575163399,0.47,100
5,SGLD,4.784602871460255,8.6928247697386,12.161204325023672,5.416342157333823,0.30816027778419197,-0.22787854190688733,-0.23558625655276572,0.5656609924403909,0.4492973398093415,0.4442069805736379,155.9556048900574,0.27758775877587755,0.1773737373737374,0.5961538461538461,0.6772777465706621,2.4562968106723737,0.6474358974358975,1.0261230713120257,0.54,0.37810990514667514,1.0,0.019230769230769232,0.03773584905660378,0.0,1,1.0,0.019230769230769232,0.03773584905660378,0.0,1,1.0,0.038461538461538464,0.07407407407407407,0.0,2,1.0,0.17307692307692307,0.29508196721311475,0.0,9,0.7241379310344828,0.40384615384615385,0.5185185185185185,0.27586206896551724,29
5,qSGLD,1.6487419228520834,2.3878283527900908,2.9108186618527654,6.247152040826657,2.639936070343235,-0.08565241760415138,-1.3939401037129164,0.9144075034878781,0.48116013451925665,0.2363345135694083,158.29329356042132,0.8283948394839484,0.614949494949495,0.8461538461538461,0.88902258096807,1.2263090429300054,0.9322916666666666,1.5110062220555214,0.97,0.7023243918503145,1.0,0.5,0.6666666666666666,0.0,26,0.9090909090909091,0.7692307692307693,0.8333333333333333,0.09090909090909091,44,0.8301886792452831,0.8461538461538461,0.8380952380952382,0.16981132075471697,53,0.7704918032786885,0.9038461538461539,0.8318584070796459,0.22950819672131148,61,0.6842105263157895,1.0,0.8125000000000001,0.3157894736842105,76
5,cycSGLD,1.0071933311984238,1.0174286281113065,1.0203287242503483,101.59910070129429,1.058277709377357,0.9565415261827136,0.972501016269444,0.7405294425812718,0.7209658984365359,0.7234110903583822,69.5447529462339,0.20990099009900987,0.14383838383838388,0.5961538461538461,0.6107724397993125,3.3169483061857585,0.6181891025641025,0.0452790218195034,0.01,0.956207780107151,1.0,0.019230769230769232,0.03773584905660378,0.0,1,1.0,0.019230769230769232,0.03773584905660378,0.0,1,1.0,0.019230769230769232,0.03773584905660378,0.0,1,0.6363636363636364,0.1346153846153846,0.22222222222222224,0.36363636363636365,11,0.52,1.0,0.6842105263157895,0.48,100
5,SGHMC,2.1948234244543756,3.481116458885889,4.535302408308638,5.595478047280514,1.2144904100570133,-0.14770704383609018,-0.6170715961617226,0.7575941433103209,0.46660701792922377,0.35862848589360513,113.08775545111934,0.7405220522052205,0.5268686868686869,0.8076923076923077,0.8577581770100159,1.1675516876524212,0.8930288461538461,0.9683732610802762,0.87,0.5801176267608493,1.0,0.019230769230769232,0.03773584905660378,0.0,1,1.0,0.019230769230769232,0.03773584905660378,0.0,1,1.0,0.25,0.4,0.0,13,0.9032258064516129,0.5384615384615384,0.6746987951807228,0.0967741935483871,31,0.7586206896551724,0.8461538461538461,0.8,0.2413793103448276,58
5,AWSGLD,1.5288523386315955,2.1233004717920365,2.6659656810635126,6.31591949344861,2.7076933235848726,0.08338746693103728,-1.5165572756290637,0.9062824445302329,0.5106035133227445,0.227532713448028,174.5376216542763,0.8141614161416141,0.6056565656565658,0.8461538461538461,0.886125306140555,1.6530489079921529,0.9158653846153847,1.7756185549743457,0.98,0.6923627060265597,0.9333333333333333,0.5384615384615384,0.6829268292682926,0.06666666666666667,30,0.8913043478260869,0.7884615384615384,0.836734693877551,0.10869565217391304,46,0.8181818181818182,0.8653846153846154,0.8411214953271028,0.18181818181818182,55,0.746031746031746,0.9038461538461539,0.8173913043478261,0.25396825396825395,63,0.6623376623376623,0.9807692307692307,0.7906976744186047,0.33766233766233766,77
5,acMH,1.2113466684421288,1.4945947277854483,1.9326213985044416,13.795028511190871,4.295101616863179,1.819849212825707,0.0284373306790086,0.9819560977079176,0.8325568476899666,0.4978908258847604,220.21944711637943,0.8628142814281425,0.6533333333333334,0.8461538461538461,0.892055153439249,4.976878227916786,0.9515224358974358,2.512731000510907,0.92,0.8041321402083037,0.7833333333333333,0.9038461538461539,0.8392857142857143,0.21666666666666667,60,0.68,0.9807692307692307,0.8031496062992126,0.32,75,0.6046511627906976,1.0,0.7536231884057971,0.3953488372093023,86,0.5416666666666666,1.0,0.7027027027027027,0.4583333333333333,96,0.52,1.0,0.6842105263157895,0.48,100
6,SGLD,4.751105469295015,9.282470620039543,13.925451816395167,4.590811010283018,-0.02060028222280457,-0.4794666863868308,-0.2047730136617125,0.49590793954335816,0.38990800648222146,0.4519849522810106,149.96774556644675,0.1604440444044404,0.10505050505050507,0.5217391304347826,0.578692953984892,2.580307055198275,0.5917874396135265,1.0297074029485571,0.66,0.3031729964145352,1.0,0.021739130434782608,0.042553191489361694,0.0,1,1.0,0.021739130434782608,0.042553191489361694,0.0,1,1.0,0.021739130434782608,0.042553191489361694,0.0,1,1.0,0.021739130434782608,0.042553191489361694,0.0,1,0.875,0.15217391304347827,0.2592592592592593,0.125,8
6,qSGLD,1.524807804893893,2.259815948233879,2.4648517013044313,6.346207456421931,1.0904483195775116,-0.21006054629166784,-2.157406351970649,0.7102492329221423,0.454893493041074,0.14341594553545456,150.6297040947615,0.7616801680168015,0.54989898989899,0.782608695652174,0.8328417226254266,1.5609344718412883,0.8836553945249598,1.3600734240210166,0.92,0.6995158696416558,1.0,0.021739130434782608,0.042553191489361694,0.0,1,1.0,0.2391304347826087,0.3859649122807018,0.0,11,0.9523809523809523,0.43478260869565216,0.5970149253731344,0.047619047619047616,21,0.7878787878787878,0.5652173913043478,0.6582278481012658,0.21212121212121213,33,0.7254901960784313,0.8043478260869565,0.7628865979381443,0.27450980392156865,51
6,cycSGLD,1.0086412408840364,1.018215322646336,1.023243628358294,140.16117423114736,1.0040019880493738,0.9503231606250849,1.0263922656595317,0.7303115398632329,0.7190356806032753,0.7346786392393466,68.13183923018835,-0.07218721872187218,-0.0593939393939394,0.41304347826086957,0.4926582397882451,3.4530548694841254,0.46658615136876,0.045327875533597115,0.01,0.9506501182033097,1.0,0.021739130434782608,0.042553191489361694,0.0,1,1.0,0.021739130434782608,0.042553191489361694,0.0,1,1.0,0.021739130434782608,0.042553191489361694,0.0,1,1.0,0.06521739130434782,0.12244897959183672,0.0,3,0.46,1.0,0.6301369863013699,0.54,100
6,SGHMC,1.9860846238284193,4.130450619662642,4.628781429718132,5.223293038351716,0.27432822889235003,-0.4790319112174833,-0.7807385886818544,0.5632259130542542,0.39068700547776214,0.323565977059969,114.8911002026145,0.5627842784278427,0.3903030303030304,0.717391304347826,0.7724066973663376,1.7822167477269955,0.7870370370370371,0.918318104116814,0.74,0.47639988849996784,1.0,0.021739130434782608,0.042553191489361694,0.0,1,1.0,0.021739130434782608,0.042553191489361694,0.0,1,1.0,0.021739130434782608,0.042553191489361694,0.0,1,1.0,0.043478260869565216,0.08333333333333333,0.0,2,0.8888888888888888,0.34782608695652173,0.5,0.1111111111111111,18
6,AWSGLD,1.43942497335183,1.9280964279533985,2.0801739490528157,7.368900932580112,1.3122871813425994,-0.23571179871264378,-2.2810509459898363,0.7407101406868528,0.45395488117781824,0.13952185546810655,154.81584869121986,0.7626282628262826,0.5535353535353537,0.7391304347826086,0.8070571968020075,1.75834098815155,0.8872785829307569,1.5454814774754384,0.96,0.606002711697276,1.0,0.10869565217391304,0.19607843137254902,0.0,5,1.0,0.32608695652173914,0.4918032786885246,0.0,15,0.92,0.5,0.647887323943662,0.08,25,0.8157894736842105,0.6739130434782609,0.7380952380952381,0.18421052631578946,38,0.7272727272727273,0.8695652173913043,0.792079207920792,0.2727272727272727,55
6,acMH,1.2040893650992115,1.4869590708237153,1.7942883153163554,11.967707491579144,3.7244595069126523,2.5286815473053252,-0.8576523093453692,0.9704447584927205,0.899333899504747,0.3181937322649765,181.22033957179116,0.8412121212121212,0.6315151515151516,0.8260869565217391,0.864387268717592,4.345123697623494,0.9194847020933977,2.5795487714938923,0.94,0.7096569631160826,0.7096774193548387,0.9565217391304348,0.8148148148148149,0.2903225806451613,62,0.6388888888888888,1.0,0.7796610169491525,0.3611111111111111,72,0.5822784810126582,1.0,0.736,0.4177215189873418,79,0.5348837209302325,1.0,0.6969696969696969,0.46511627906976744,86,0.46,1.0,0.6301369863013699,0.54,100
7,SGLD,5.205986724246806,10.32276568421322,13.627845582217544,5.478843475808182,0.361573865645853,-0.06940617383148479,-0.018959619171383828,0.5823450993942711,0.48502929716383336,0.49460071499118335,160.27739861178804,0.16800480048004798,0.12202020202020204,0.6296296296296297,0.6383720519459823,2.4052958131236055,0.6147342995169082,1.1101640037376619,0.6,0.3820679320679321,1.0,0.018518518518518517,0.03636363636363636,0.0,1,1.0,0.018518518518518517,0.03636363636363636,0.0,1,1.0,0.018518518518518517,0.03636363636363636,0.0,1,0.6,0.05555555555555555,0.10169491525423728,0.4,5,0.5945945945945946,0.4074074074074074,0.4835164835164836,0.40540540540540543,37
7,qSGLD,1.4902466382080441,2.166855761849186,2.668373682123364,6.684177134213114,1.7177640397872498,-0.3752205092803063,-0.22794429914725728,0.833571261590856,0.4164193635378412,0.44803758858621634,122.95675212804063,0.6937293729372936,0.45494949494949505,0.8333333333333334,0.8820461474668464,1.2396845181957077,0.9102254428341384,1.2494440176867263,0.91,0.6578675056286997,1.0,0.018518518518518517,0.03636363636363636,0.0,1,1.0,0.2962962962962963,0.45714285714285713,0.0,16,1.0,0.7222222222222222,0.8387096774193548,0.0,39,0.8461538461538461,0.8148148148148148,0.830188679245283,0.15384615384615385,52,0.6710526315789473,0.9444444444444444,0.7846153846153845,0.32894736842105265,76
7,cycSGLD,1.0113755398449418,1.0257315346932139,1.0345339029293907,172.4296080025128,1.087988919315372,0.9612409268131235,0.8862896304235633,0.7458678551006467,0.7204215221243101,0.7070778818631791,70.54483987658831,0.3511551155115511,0.2375757575757576,0.6481481481481481,0.6911818262758115,2.660893966718863,0.6731078904991948,0.04282978489645133,0.0,0.9818181818181818,1.0,0.018518518518518517,0.03636363636363636,0.0,1,1.0,0.018518518518518517,0.03636363636363636,0.0,1,1.0,0.018518518518518517,0.03636363636363636,0.0,1,0.8181818181818182,0.16666666666666666,0.2769230769230769,0.18181818181818182,11,0.54,1.0,0.7012987012987013,0.46,100
7,SGHMC,2.206047657542321,4.41323346047962,5.620029595627402,5.82555790968968,0.8852405319806336,-0.35506384463589824,-0.20384420714797333,0.6951171722152809,0.42037152556024293,0.45319052517719405,126.54994798972913,0.5232163216321631,0.34141414141414145,0.7222222222222222,0.7932470431008746,1.6494711394469765,0.821658615136876,0.9790862947246101,0.76,0.523748699156952,1.0,0.018518518518518517,0.03636363636363636,0.0,1,1.0,0.018518518518518517,0.03636363636363636,0.0,1,1.0,0.1111111111111111,0.19999999999999998,0.0,6,1.0,0.2962962962962963,0.45714285714285713,0.0,16,0.7169811320754716,0.7037037037037037,0.7102803738317758,0.2830188679245283,53
7,AWSGLD,1.3079374190018944,1.7520480079963487,1.8304069587435552,7.469210389427674,1.835781956967844,-0.08174758924835974,-0.14132554984048265,0.8480074862803753,0.4816354838294062,0.46795286963567784,122.26758604057409,0.7229762976297629,0.4872727272727273,0.8518518518518519,0.8944127612750224,1.2628858925579953,0.9259259259259259,1.323005827434058,0.91,0.645650311058564,1.0,0.09259259259259259,0.1694915254237288,0.0,5,1.0,0.3888888888888889,0.56,0.0,21,0.9767441860465116,0.7777777777777778,0.8659793814432991,0.023255813953488372,43,0.8245614035087719,0.8703703703703703,0.8468468468468469,0.17543859649122806,57,0.6506024096385542,1.0,0.7883211678832116,0.3493975903614458,83
7,acMH,1.1063437042388289,1.2710449948971136,1.4298262441350638,13.900693240201345,3.591317606079669,1.270312077492333,1.3168476089825552,0.9638908468791473,0.7579721891021963,0.7706202204447902,150.86200323548078,0.7087908790879086,0.47434343434343446,0.8333333333333334,0.8808950240905447,5.180727619554107,0.8904991948470209,2.0422191684554503,0.86,0.7111201298701298,0.8333333333333334,0.8333333333333334,0.8333333333333334,0.16666666666666666,54,0.6172839506172839,0.9259259259259259,0.7407407407407407,0.38271604938271603,81,0.5353535353535354,0.9814814814814815,0.6928104575163399,0.46464646464646464,99,0.54,1.0,0.7012987012987013,0.46,100,0.54,1.0,0.7012987012987013,0.46,100
8,SGLD,4.66931062413501,9.114375823650708,12.905412793814946,4.689226042477889,0.1157937218804444,-0.21207828659066594,-0.11287216865095398,0.528191510297877,0.4516393363139749,0.47523967688041885,152.38170346577195,0.17174917491749173,0.11353535353535356,0.746268656716418,0.7302479272824439,2.4681595733244786,0.6010854816824966,0.9543591005371282,0.57,0.5123622505317297,1.0,0.014925373134328358,0.029411764705882353,0.0,1,1.0,0.014925373134328358,0.029411764705882353,0.0,1,1.0,0.014925373134328358,0.029411764705882353,0.0,1,1.0,0.014925373134328358,0.029411764705882353,0.0,1,0.6818181818181818,0.22388059701492538,0.3370786516853933,0.3181818181818182,22
8,qSGLD,1.72582441992065,2.6690593546098804,3.4582538020205638,5.805397299489362,1.889991731967881,1.0182142186955956,0.018243371725534287,0.8537588438680476,0.7251340090935421,0.5046832225406904,113.01980010605628,0.7105550555055505,0.496969696969697,0.8656716417910447,0.90062691052553,1.4199269077675531,0.9063772048846676,1.3002483022224762,0.93,0.6856563846946728,1.0,0.014925373134328358,0.029411764705882353,0.0,1,1.0,0.47761194029850745,0.6464646464646464,0.0,32,0.8833333333333333,0.7910447761194029,0.8346456692913385,0.11666666666666667,60,0.8048780487804879,0.9850746268656716,0.8859060402684563,0.1951219512195122,82,0.67,1.0,0.8023952095808384,0.33,100
8,cycSGLD,1.013013317538622,1.02259217171211,1.0305609633414277,151.40883999847142,1.1233820149706553,0.9451610080280972,0.8009961614102732,0.7524565304550106,0.717704253843126,0.6894885537773974,70.64580100484731,0.4658745874587458,0.31111111111111117,0.7910447761194029,0.8379308453194579,1.9839245310962936,0.7666214382632293,0.04287151839964978,0.02,0.9610684853651605,1.0,0.014925373134328358,0.029411764705882353,0.0,1,1.0,0.014925373134328358,0.029411764705882353,0.0,1,1.0,0.014925373134328358,0.029411764705882353,0.0,1,1.0,0.208955223880597,0.345679012345679,0.0,14,0.67,1.0,0.8023952095808384,0.33,100
8,SGHMC,2.0574201015766644,3.409247880127308,3.685339452308384,4.954509312358695,0.4175538825335326,-0.09722824171092981,-0.4833164057600604,0.5984992289006392,0.4755603075101691,0.3869438701088534,110.95623021516948,0.49848184818481844,0.3264646464646465,0.7910447761194029,0.8382231031339319,1.6693018060052827,0.7914970601537765,0.8416431944112306,0.7,0.604659931214151,1.0,0.014925373134328358,0.029411764705882353,0.0,1,1.0,0.014925373134328358,0.029411764705882353,0.0,1,1.0,0.014925373134328358,0.029411764705882353,0.0,1,1.0,0.014925373134328358,0.029411764705882353,0.0,1,0.9230769230769231,0.3582089552238806,0.5161290322580645,0.07692307692307693,26
8,AWSGLD,1.5691379211106442,2.2677213390144075,3.081102907220735,6.5077841728547465,2.0492950426513423,0.7744377297619617,-0.12187249712448409,0.8684401434856291,0.6750627072429982,0.47166341872542417,128.2096619157088,0.7573717371737173,0.5393939393939395,0.8507462686567164,0.8924679599884306,1.2674639412697315,0.9149706015377658,1.5105718232715004,0.98,0.7023904282355313,1.0,0.11940298507462686,0.21333333333333335,0.0,8,1.0,0.5970149253731343,0.7476635514018691,0.0,40,0.9016393442622951,0.8208955223880597,0.8593750000000001,0.09836065573770492,61,0.8227848101265823,0.9701492537313433,0.8904109589041096,0.17721518987341772,79,0.67,1.0,0.8023952095808384,0.33,100
8,acMH,1.2548717857587086,1.7644354327794474,2.1176718133556522,13.13821466581088,4.5228793912539365,2.0369730166736026,-0.12456508175593133,0.9845140680209427,0.8610942789075391,0.4687422028734581,200.00556874023795,0.8228742874287428,0.6206060606060607,0.9104477611940298,0.936255226661607,6.230788736065478,0.9606512890094979,2.675202922655455,0.93,0.8109210580443458,0.8533333333333334,0.9552238805970149,0.9014084507042254,0.14666666666666667,75,0.7528089887640449,1.0,0.858974358974359,0.24719101123595505,89,0.6836734693877551,1.0,0.8121212121212121,0.3163265306122449,98,0.67,1.0,0.8023952095808384,0.33,100,0.67,1.0,0.8023952095808384,0.33,100
9,SGLD,4.5438520047466735,9.76383641520928,13.043182337836354,5.487522390725701,0.2462133472431861,0.11820398823382051,-0.2492457917013102,0.5582989984470161,0.5269556153047256,0.44133362408597887,166.92552678327974,0.2878607860786078,0.19353535353535356,0.6666666666666666,0.6745538387874163,2.521634991358269,0.6570048309178745,1.0360984822716843,0.62,0.4351449368054261,1.0,0.018518518518518517,0.03636363636363636,0.0,1,1.0,0.018518518518518517,0.03636363636363636,0.0,1,1.0,0.018518518518518517,0.03636363636363636,0.0,1,0.6,0.05555555555555555,0.10169491525423728,0.4,5,0.7878787878787878,0.48148148148148145,0.5977011494252873,0.21212121212121213,33
9,qSGLD,1.643161125496689,2.8718091600600446,3.661669327184061,6.893457151491771,2.3812542544845896,1.2231830844433844,-2.3849843265018627,0.8806040438587242,0.7237050366235133,0.12538213034838855,176.48239027926422,0.7917191719171915,0.5765656565656566,0.8888888888888888,0.9115826434156159,1.9403745950883273,0.9468599033816425,1.600395936211119,0.93,0.8171502082025238,0.9523809523809523,0.37037037037037035,0.5333333333333333,0.047619047619047616,21,0.9583333333333334,0.8518518518518519,0.9019607843137256,0.041666666666666664,48,0.8275862068965517,0.8888888888888888,0.8571428571428572,0.1724137931034483,58,0.8153846153846154,0.9814814814814815,0.8907563025210083,0.18461538461538463,65,0.7012987012987013,1.0,0.8244274809160306,0.2987012987012987,77
9,cycSGLD,1.010830383679792,1.025526697552694,1.0290504192558063,104.07051791214764,0.9855269695519742,0.9760848008049848,1.026876047631567,0.7252150575433441,0.7232313007899985,0.7345066279746945,74.15430065356571,-0.13023702370237022,-0.08242424242424243,0.48148148148148145,0.4999180892997024,3.782655327986741,0.3856682769726248,0.04604225562581027,0.01,0.9696969696969697,1.0,0.018518518518518517,0.03636363636363636,0.0,1,1.0,0.018518518518518517,0.03636363636363636,0.0,1,1.0,0.037037037037037035,0.07142857142857142,0.0,2,0.46153846153846156,0.1111111111111111,0.17910447761194032,0.5384615384615384,13,0.54,1.0,0.7012987012987013,0.46,100
9,SGHMC,1.9360639876031907,3.288519751626879,4.285151038086081,5.876018763420435,0.9790553784638224,0.5502224642002664,-0.7896606568381628,0.715232275599334,0.6233970359382721,0.3229448407811664,107.94677833953534,0.7264926492649264,0.5115151515151516,0.8518518518518519,0.8701774276174362,1.2015357828079745,0.9078099838969403,0.8864534105899524,0.81,0.6490762968374908,1.0,0.018518518518518517,0.03636363636363636,0.0,1,1.0,0.018518518518518517,0.03636363636363636,0.0,1,0.8,0.07407407407407407,0.13559322033898305,0.2,5,0.9047619047619048,0.35185185185185186,0.5066666666666666,0.09523809523809523,21,0.8166666666666667,0.9074074074074074,0.8596491228070176,0.18333333333333332,60
9,AWSGLD,1.4710582658890323,2.536332315337577,3.0205438584455133,7.707290215307701,2.6573491027253504,1.568778927090634,-2.5004023129475783,0.8964067811127326,0.7611882651359181,0.13372329190602125,199.04564911221098,0.7733453345334533,0.5567676767676768,0.8703703703703703,0.8975904596346381,2.8894212721722936,0.9380032206119163,1.886587978857274,0.94,0.8019958315690813,0.9459459459459459,0.6481481481481481,0.7692307692307693,0.05405405405405406,37,0.8703703703703703,0.8703703703703703,0.8703703703703703,0.12962962962962962,54,0.8095238095238095,0.9444444444444444,0.8717948717948718,0.19047619047619047,63,0.782608695652174,1.0,0.878048780487805,0.21739130434782608,69,0.675,1.0,0.8059701492537313,0.325,80
9,acMH,1.2801190212254032,1.6186641962395265,1.8145472089665486,10.031733909438728,5.4559716006385255,4.286873543208714,-1.5341949216116149,0.9918054698325,0.9779433091880315,0.22233374514021823,312.89424146555416,0.796135613561356,0.5701010101010102,0.8518518518518519,0.8771272939315393,11.307407007757625,0.9299516908212561,3.2140917929922947,0.77,0.8312190470331293,0.782608695652174,1.0,0.878048780487805,0.21739130434782608,69,0.7297297297297297,1.0,0.8437499999999999,0.2702702702702703,74,0.6835443037974683,1.0,0.8120300751879699,0.31645569620253167,79,0.6352941176470588,1.0,0.776978417266187,0.36470588235294116,85,0.5454545454545454,1.0,0.7058823529411764,0.45454545454545453,99
