node,rhat,group,theta_star,Y,conflict,degree,wmean_Ninit,wmean_Winit,wmean_Sinit
135,1.235,N,-0.77,0,0,44,-0.168,0.252,0.659
56,1.172,N,-0.758,1,0,43,1.207,0.795,0.515
62,1.142,N,-1.005,0,0,49,0.249,0.579,0.954
122,1.131,S,2.297,1,0,11,1.328,1.677,1.868
34,1.118,N,-0.914,1,1,45,1.03,0.624,1.082
144,1.117,N,-1.049,1,0,48,1.013,0.498,0.884
54,1.116,S,2.71,0,0,14,1.5,0.951,0.946
95,1.114,N,-0.748,0,0,42,0.677,0.176,0.504
41,1.106,N,-1.14,1,1,38,0.367,0.744,0.793
19,1.101,N,-0.561,0,0,46,-0.081,0.231,0.454
94,1.1,N,-0.342,1,0,45,0.871,0.989,0.534
73,1.096,N,-0.624,0,0,51,0.188,0.68,0.397
100,1.092,N,-0.748,0,0,45,0.343,0.634,0.118
167,1.088,N,-0.875,0,0,56,0.82,0.442,0.318
190,1.087,N,-1.07,0,0,36,-0.0,0.208,-0.224
134,1.086,N,-1.563,0,0,43,0.816,0.593,0.362
47,1.085,N,-0.952,1,0,48,0.789,0.645,1.066
36,1.084,N,-0.924,1,0,45,1.239,0.783,0.968
125,1.083,S,2.494,1,0,10,1.757,1.368,1.402
120,1.083,W,1.717,1,0,17,1.596,1.653,1.197
61,1.079,S,3.101,1,0,16,2.281,1.846,1.87
123,1.079,S,2.152,1,0,12,1.571,1.523,1.965
66,1.078,N,-0.802,0,0,42,-0.107,0.237,0.336
101,1.078,N,-0.81,1,0,41,0.823,1.051,0.587
115,1.074,N,-0.6,0,0,43,0.441,0.238,-0.008
91,1.074,S,2.41,1,0,20,1.945,2.108,2.452
52,1.072,N,-1.217,1,0,50,0.698,0.807,1.083
17,1.071,N,-1.187,0,0,43,0.715,0.469,0.217
189,1.071,N,-1.243,0,0,54,0.055,0.288,0.566
106,1.07,S,2.326,0,1,18,1.799,1.687,2.172
152,1.069,N,-0.655,0,0,43,0.665,0.277,0.306
103,1.069,N,-1.04,0,0,52,0.528,0.596,0.172
160,1.069,N,-0.869,0,0,40,0.711,0.303,0.521
67,1.068,N,-0.946,0,0,46,0.714,0.192,0.213
157,1.067,W,0.836,0,0,19,1.794,1.425,1.3
70,1.067,N,-0.82,0,0,47,0.333,0.753,0.665
1,1.066,S,2.522,1,0,16,1.668,1.892,2.09
92,1.066,N,-0.578,0,0,47,0.354,0.291,0.679
96,1.064,W,0.901,0,0,20,1.79,1.248,1.359
111,1.064,N,-0.918,1,0,54,0.923,1.274,0.911
132,1.063,S,2.443,0,1,17,1.695,1.744,2.188
20,1.063,N,-0.523,0,0,53,0.145,0.218,0.599
78,1.062,N,-0.923,0,0,43,0.043,0.409,0.127
116,1.061,S,2.341,0,1,15,1.377,1.641,1.897
86,1.06,S,2.04,1,0,16,2.181,2.014,1.764
187,1.06,W,0.721,1,0,18,1.758,1.529,1.318
176,1.059,N,-0.691,0,0,49,-0.067,0.216,0.302
130,1.058,N,-0.683,0,0,44,0.121,0.358,0.663
79,1.058,N,-1.061,0,0,41,0.24,0.396,0.72
175,1.057,W,0.97,1,0,16,1.345,1.465,1.058
69,1.057,W,1.797,0,0,14,0.593,0.921,1.063
3,1.056,N,-0.933,1,1,61,1.28,1.051,0.908
87,1.055,N,-1.051,1,0,44,1.009,0.867,0.664
163,1.055,N,-1.087,0,0,49,0.395,0.131,0.555
38,1.055,N,-0.709,1,0,40,0.734,0.99,0.614
109,1.054,S,3.11,1,0,6,0.931,0.934,1.225
181,1.053,N,-1.193,0,0,46,0.635,0.232,0.502
49,1.052,N,-0.648,1,0,45,0.743,0.981,1.082
10,1.052,N,-0.667,1,1,54,0.767,1.162,1.03
139,1.047,W,1.19,0,0,20,1.254,1.484,1.667
114,1.047,N,-0.802,0,0,47,0.273,0.67,0.516
23,1.045,S,2.596,1,0,9,0.884,1.286,1.113
183,1.045,W,0.94,1,0,17,1.347,1.671,1.762
15,1.044,W,0.987,0,0,26,2.054,2.355,1.779
185,1.043,S,2.412,1,0,17,1.913,1.866,2.278
29,1.043,N,-0.862,0,0,54,0.295,0.38,0.655
89,1.042,N,-1.097,0,0,44,0.457,0.444,0.092
55,1.04,W,0.876,0,0,17,1.496,1.419,1.108
194,1.039,N,-0.864,0,0,42,-0.044,0.192,0.263
196,1.039,N,-0.85,1,1,55,1.201,0.9,1.039
0,1.039,N,-0.875,0,0,49,-0.108,0.196,0.186
21,1.038,N,-0.788,0,0,46,0.379,0.077,0.166
188,1.037,N,-0.491,1,1,42,0.746,0.762,1.023
13,1.037,N,-0.861,0,0,43,0.466,0.286,0.136
28,1.037,N,-1.303,0,0,53,0.345,0.276,0.641
129,1.037,W,1.37,1,0,16,1.791,1.416,1.568
80,1.036,N,-0.982,0,0,50,0.387,0.119,0.116
97,1.036,S,3.164,1,0,18,2.291,1.876,2.143
138,1.036,N,-0.966,0,0,43,0.109,0.39,0.118
126,1.035,N,-0.791,0,0,52,0.259,0.585,0.271
75,1.035,S,2.854,1,0,19,2.507,2.324,2.139
121,1.034,S,2.771,0,1,14,1.608,1.268,1.562
140,1.034,N,-1.104,0,0,45,0.28,0.587,0.509
43,1.034,N,-0.813,1,0,55,1.002,0.713,0.917
193,1.032,W,1.072,1,0,13,0.84,1.064,1.146
149,1.031,W,1.217,0,0,19,1.105,1.536,1.344
37,1.031,S,2.861,1,0,18,2.047,2.151,2.372
4,1.031,W,0.997,1,0,17,1.547,1.393,1.723
131,1.03,N,-0.897,0,0,47,0.322,0.379,0.595
16,1.03,N,-0.777,0,0,44,0.574,0.411,0.27
60,1.03,N,-0.765,0,0,48,0.456,0.4,0.174
7,1.03,N,-0.828,0,0,52,0.132,0.37,0.083
26,1.029,N,-1.183,1,0,51,0.84,1.09,0.897
169,1.029,S,2.676,0,1,15,1.396,1.391,1.697
44,1.028,S,2.426,1,0,15,1.673,1.968,1.907
59,1.027,N,-0.442,1,0,42,0.569,0.837,0.736
155,1.027,N,-0.807,0,0,48,0.354,0.594,0.308
90,1.027,N,-0.463,0,0,52,0.338,0.38,0.608
57,1.026,N,-1.136,1,1,62,0.918,0.74,1.009
22,1.026,N,-0.562,0,0,44,0.219,0.064,0.309
192,1.026,N,-0.42,0,0,51,0.502,0.361,0.213
166,1.025,N,-1.009,0,0,56,0.328,0.469,0.181
42,1.025,S,2.783,1,0,15,1.768,2.063,2.067
184,1.025,W,1.093,1,0,21,1.604,1.898,1.717
153,1.024,S,1.519,1,0,15,1.984,1.746,1.991
145,1.024,N,-0.654,0,0,51,0.689,0.899,0.612
76,1.023,N,-0.539,1,0,47,0.925,0.705,0.962
172,1.023,W,0.713,0,0,19,1.63,1.341,1.259
99,1.023,S,2.182,0,1,16,1.634,1.441,1.748
82,1.023,S,2.813,1,0,17,2.171,1.932,2.181
197,1.022,N,-0.805,1,1,49,0.605,0.847,0.672
50,1.022,S,2.327,1,0,13,1.737,1.73,1.939
119,1.022,N,-1.015,0,0,42,0.514,0.301,0.284
2,1.022,N,-1.021,1,0,51,0.967,0.963,0.773
118,1.021,W,0.632,0,0,16,0.901,1.182,0.901
18,1.021,W,1.428,1,0,11,0.875,1.119,0.959
113,1.02,N,-0.89,0,0,42,0.096,0.204,0.367
154,1.02,N,-0.732,1,0,45,0.76,0.958,0.941
137,1.019,N,-1.061,0,0,44,0.534,0.432,0.32
40,1.018,N,-1.306,0,0,41,0.366,0.151,0.228
33,1.018,N,-0.852,1,1,56,0.931,0.904,0.724
168,1.018,W,0.761,0,0,18,1.567,1.3,1.272
93,1.017,N,-0.927,1,0,55,0.808,1.023,0.952
25,1.017,S,2.46,0,1,18,1.771,1.698,1.944
9,1.017,N,-1.424,0,0,46,0.363,0.122,0.271
88,1.017,W,0.192,0,0,18,1.102,1.262,1.384
68,1.017,N,-1.026,0,0,45,0.295,0.472,0.26
8,1.016,N,-1.108,0,0,38,0.079,0.204,0.269
24,1.016,N,-0.641,1,0,49,0.874,0.872,0.684
128,1.016,W,0.665,0,0,12,0.774,0.795,0.993
180,1.016,S,2.576,1,0,19,2.291,2.161,2.414
108,1.016,N,-1.016,0,0,45,0.23,0.362,0.467
48,1.015,N,-0.923,0,0,42,0.224,0.397,0.214
12,1.015,N,-0.938,0,0,51,0.313,0.276,0.488
45,1.015,S,2.927,0,1,14,1.683,1.625,1.845
171,1.015,W,0.855,1,0,21,1.982,1.749,1.856
27,1.015,N,-0.532,1,0,53,0.619,0.683,0.807
46,1.015,N,-1.133,0,0,47,0.368,0.446,0.242
105,1.014,W,1.222,0,0,14,0.904,1.05,0.802
84,1.014,W,0.673,0,0,16,0.925,1.179,1.007
142,1.014,N,-0.634,0,0,40,0.298,0.478,0.525
151,1.013,S,2.666,0,0,16,1.568,1.419,1.689
112,1.012,S,2.223,0,1,18,2.04,1.837,1.916
148,1.012,N,-1.128,0,0,50,0.399,0.362,0.54
98,1.012,N,-0.884,1,0,46,0.86,0.841,1.0
39,1.012,N,-0.923,0,0,51,0.309,0.49,0.494
5,1.011,N,-1.186,0,0,41,0.338,0.346,0.197
127,1.011,N,-0.994,0,0,56,0.552,0.465,0.373
146,1.011,N,-0.876,0,0,53,0.222,0.318,0.395
31,1.011,N,-1.071,0,0,51,0.415,0.531,0.348
32,1.011,N,-0.641,1,0,45,0.933,0.95,0.808
198,1.01,S,2.94,0,0,21,2.23,2.011,2.131
65,1.01,W,1.147,1,0,21,2.064,2.01,1.865
110,1.009,N,-0.983,0,0,59,0.551,0.734,0.552
141,1.009,S,2.127,0,0,12,1.187,1.267,1.358
83,1.009,W,1.414,1,0,17,1.728,1.555,1.716
182,1.009,N,-0.633,1,0,44,0.656,0.748,0.786
6,1.009,W,1.078,1,0,20,1.793,1.647,1.796
133,1.008,S,2.362,1,0,16,1.758,1.66,1.828
102,1.008,S,2.777,0,0,23,2.525,2.412,2.626
64,1.008,N,-0.851,1,0,58,0.92,1.014,0.837
159,1.008,W,1.107,0,0,18,1.1,1.134,0.958
136,1.008,S,2.222,0,1,18,1.896,1.855,2.042
179,1.007,N,-0.876,0,0,47,0.131,0.046,0.234
81,1.007,N,-1.183,0,0,51,0.388,0.304,0.44
177,1.007,N,-0.898,0,0,57,0.565,0.503,0.42
165,1.007,N,-0.754,0,0,51,0.541,0.545,0.428
143,1.006,W,1.196,0,0,21,1.623,1.523,1.415
104,1.006,N,-0.591,0,0,46,0.216,0.25,0.122
77,1.006,S,2.46,1,0,10,1.178,1.309,1.297
164,1.006,W,1.268,1,0,13,1.416,1.44,1.303
74,1.006,N,-0.93,1,1,32,0.682,0.763,0.647
58,1.006,W,0.877,0,0,18,1.349,1.496,1.343
150,1.005,N,-0.487,1,0,43,0.893,0.791,0.862
14,1.005,N,-0.328,0,0,47,0.186,0.299,0.225
161,1.005,S,2.38,0,1,19,2.146,2.057,1.964
11,1.004,N,-0.877,0,0,48,0.319,0.395,0.428
186,1.004,N,-0.717,0,0,50,0.338,0.369,0.444
195,1.004,S,2.129,0,1,14,1.15,1.106,1.203
158,1.004,N,-0.786,0,0,54,0.455,0.519,0.429
72,1.003,N,-0.969,0,0,49,0.426,0.402,0.33
85,1.003,N,-1.107,0,0,44,0.339,0.434,0.401
63,1.003,W,1.151,1,0,10,0.959,1.065,1.009
170,1.003,S,2.59,1,0,15,1.805,1.815,1.895
107,1.003,W,1.042,0,0,21,1.509,1.547,1.417
117,1.003,N,-0.848,1,0,41,0.828,0.898,0.889
124,1.002,W,0.746,1,0,18,1.534,1.507,1.596
156,1.002,W,0.962,1,0,16,1.436,1.44,1.506
147,1.002,N,-0.722,0,0,58,0.58,0.562,0.502
178,1.002,N,-0.782,0,0,59,0.294,0.362,0.355
173,1.002,W,1.078,0,0,18,1.266,1.351,1.274
199,1.001,N,-0.638,1,1,42,0.662,0.717,0.716
162,1.001,W,1.32,1,0,16,1.607,1.619,1.541
191,1.001,W,1.061,0,0,19,1.388,1.457,1.457
35,1.001,W,1.135,0,0,17,1.123,1.161,1.072
71,1.001,N,-1.324,1,1,44,0.811,0.783,0.752
51,1.001,N,-0.959,0,0,59,0.567,0.612,0.62
174,1.0,S,2.749,0,0,21,2.007,2.024,2.06
30,1.0,W,0.947,0,0,14,1.082,1.092,1.049
53,1.0,N,-0.61,0,0,43,0.329,0.309,0.31
