seed,method,minU,gap,pidist,pirms,topk,ndcg,auc,time
0,SGLD,660.3616293041391,228.68857343992596,7.1534553209778915,0.2428040946415142,0.5309278350515464,0.5226089132457002,0.5868986254295533,0.24711847305297852
0,qSGLD,433.38493317193706,1.7118773077239098,0.5006313446068186,0.016992535064831525,0.7525773195876289,0.7828218578498338,0.8377577319587629,0.35608339309692383
0,cycSGLD,438.8420519287677,7.1689960645545625,2.6837952378709216,0.09109394602961976,0.7525773195876289,0.7845783169502666,0.8322970360824743,0.24615764617919922
0,SGHMC,464.74389378404265,33.0708379198295,4.770869382403272,0.16193385840410793,0.6778350515463918,0.6826293315928487,0.7559654209621993,0.24910831451416016
0,AWSGLD,432.67780287540245,1.0047470111892949,0.3814901205389403,0.012948618419479719,0.7474226804123711,0.7789310747173699,0.8395242697594503,0.5108745098114014
1,SGLD,655.3005538896955,224.05979380370854,7.116327714184671,0.2415439015531198,0.5360824742268041,0.527724516250622,0.5835427405498281,0.25235557556152344
1,qSGLD,432.85048236513694,1.6097222791499917,0.4714048862918937,0.016000524430484935,0.7628865979381443,0.7901378068599415,0.8369576890034365,0.3585550785064697
1,cycSGLD,438.1402708729437,6.899510786956739,2.688992987462527,0.09127036914644025,0.7422680412371134,0.775047668757036,0.8199151632302406,0.2517812252044678
1,SGHMC,462.2070843350039,30.966324249016964,4.727600259617154,0.160465208679938,0.6726804123711341,0.6801573268341002,0.7432667525773197,0.2548987865447998
1,AWSGLD,432.2449777553531,1.0042176693661418,0.38674397557200013,0.013126945879069617,0.7757731958762887,0.8005101309823148,0.8413122852233677,0.5160820484161377
2,SGLD,662.2846703809407,225.00478212712954,7.278051755020427,0.24703317317850343,0.520618556701031,0.5142877988417395,0.5801224226804124,0.2501075267791748
2,qSGLD,438.98555705673914,1.7056688029279599,0.4912339185472366,0.016673565640410008,0.770618556701031,0.7951009838199771,0.8432237972508592,0.3570389747619629
2,cycSGLD,444.72632830818543,7.44644005437425,3.0014386159076274,0.10187546480096109,0.729381443298969,0.764904349813446,0.8180143900343643,0.24683475494384766
2,SGHMC,469.58641912186306,32.30653086805188,5.00938259253368,0.17002952426727827,0.6572164948453608,0.6688401117000892,0.7355025773195876,0.2506990432739258
2,AWSGLD,438.2950978435534,1.0152095897421987,0.3814822046799533,0.012948349737718468,0.7757731958762887,0.7994162540733173,0.8509342783505154,0.5117523670196533
3,SGLD,658.7986998194981,223.33496723913373,7.356661234780468,0.2497013527794026,0.5309278350515464,0.5231459367957026,0.5805304982817869,0.25127720832824707
3,qSGLD,437.1707872920103,1.7070547116459238,0.4890569221455102,0.016599673567748434,0.7551546391752577,0.7824035563021156,0.8445661512027491,0.35098743438720703
3,cycSGLD,443.8745083615636,8.41077578119922,3.13097403234596,0.10627218332383867,0.7422680412371134,0.7771375524693823,0.8272873711340206,0.24791455268859863
3,SGHMC,468.72789270021065,33.26416011984628,5.148172052088789,0.17474034548038356,0.6752577319587629,0.6798688017065588,0.7433687714776632,0.2500269412994385
3,AWSGLD,436.4667279766884,1.0029953963240246,0.37031484943745685,0.012569305002338216,0.7551546391752577,0.7823437353602466,0.8506389604810997,0.5132372379302979
4,SGLD,656.0273691101156,223.88471553987085,7.455772380080492,0.25306540425154717,0.5180412371134021,0.5128652464216071,0.5806969501718213,0.2541944980621338
4,qSGLD,433.84653844940567,1.7038848791609098,0.4823051645582681,0.016370503982610772,0.7525773195876289,0.7798392311918401,0.8287693298969072,0.34383130073547363
4,cycSGLD,441.027196709774,8.884543139529228,3.188312302688816,0.10821837103232701,0.7242268041237113,0.7654004457379129,0.834375,0.25136661529541016
4,SGHMC,466.80012185740406,34.657468287159304,5.338876929061746,0.18121329078016774,0.6443298969072165,0.6583515427325555,0.7341172680412371,0.25829219818115234
4,AWSGLD,433.1443827410842,1.0017291708394396,0.3826153847186665,0.012986812374447149,0.75,0.7787006412298827,0.8352502147766323,0.49988746643066406
5,SGLD,663.5117226316811,225.9373056359779,7.46875818529457,0.25350617120076524,0.5335051546391752,0.5253084595923292,0.5842998281786942,0.25164198875427246
5,qSGLD,439.2663167890301,1.691899793326911,0.48145588971119363,0.01634167771598952,0.7577319587628866,0.7837554565425386,0.8254241838487971,0.3597588539123535
5,cycSGLD,446.1234356337631,8.54901863805992,3.4448085340665635,0.11692442040905264,0.7319587628865979,0.769449485565621,0.8095199742268041,0.25620508193969727
5,SGHMC,469.7574152016535,32.1829982059503,5.316214511961978,0.18044407822212447,0.6726804123711341,0.6708268679927256,0.741994201030928,0.26012444496154785
5,AWSGLD,438.58061080271335,1.0061938070101633,0.3891661182036806,0.013209158756957195,0.7654639175257731,0.7908891571829533,0.8320768900343641,0.5169703960418701
6,SGLD,661.4416522079633,231.4365473257372,7.070150575475721,0.2399765473369717,0.5257731958762887,0.5187196602470485,0.5847884450171821,0.25274085998535156
6,qSGLD,431.69810529456606,1.6930004123399272,0.4878819162120822,0.016559791267648265,0.7345360824742269,0.7661177788582764,0.8280122422680412,0.33843255043029785
6,cycSGLD,436.0077838982102,6.002679015984086,2.376297499789565,0.08065679271712084,0.7164948453608248,0.7559830499540141,0.8199420103092784,0.25363636016845703
6,SGHMC,462.3586101673181,32.353505285091956,4.554818702582296,0.15460062049923423,0.6597938144329897,0.6738332561231689,0.7529800257731959,0.256150484085083
6,AWSGLD,431.02389819177296,1.0187933095468225,0.390751586292983,0.013262973050432569,0.7448453608247423,0.7755736110881583,0.8321896477663231,0.5004737377166748
7,SGLD,657.7687704637862,226.57567401069105,7.173327340614657,0.24347859493823845,0.5360824742268041,0.526727277746961,0.5834997852233678,0.2500419616699219
7,qSGLD,433.0034132207338,1.8103167676387102,0.5046496076652742,0.01712892380008771,0.7551546391752577,0.7841386038758346,0.8433848797250859,0.34892702102661133
7,cycSGLD,438.8113817684367,7.618285315341609,2.7767175791247047,0.09424793580487292,0.7371134020618557,0.7743388864710287,0.820398410652921,0.24908971786499023
7,SGHMC,463.3192205884287,32.12612413533361,4.852801312970132,0.1647148093335391,0.6623711340206185,0.6632254594493558,0.73615764604811,0.2507038116455078
7,AWSGLD,432.1972683516025,1.0041718985073658,0.3698898268591776,0.012554878796023813,0.7680412371134021,0.7941750171965424,0.8507302405498282,0.5402791500091553
8,SGLD,666.0158255072822,231.26761716226514,7.495756678656559,0.2544225597770968,0.5335051546391752,0.5248061029786311,0.5824634879725086,0.25263261795043945
8,qSGLD,436.4502417432111,1.7020333981940325,0.4988904603694573,0.01693344560356256,0.7474226804123711,0.7759367658765822,0.8329252577319588,0.338456392288208
8,cycSGLD,442.9441368370057,8.195928491988639,3.103462302473745,0.10533837436524272,0.7268041237113402,0.7623504692399198,0.8180519759450173,0.2579381465911865
8,SGHMC,468.7608639169254,34.01265557190834,5.153256057535069,0.1749129078693477,0.6623711340206185,0.6642220136585294,0.7448775773195876,0.2602519989013672
8,AWSGLD,435.759383189158,1.0111748441408963,0.37645462281983816,0.01277770249005879,0.7551546391752577,0.78247091390853,0.8421875000000001,0.49724769592285156
9,SGLD,656.78477795403,226.51144065206324,7.136940559754872,0.24224354712048374,0.520618556701031,0.5150951822850672,0.5826997422680412,0.25458264350891113
9,qSGLD,431.9724361503326,1.6990988483658498,0.5057866533190426,0.0171675176443408,0.7474226804123711,0.7756775634997146,0.8357978951890035,0.3411567211151123
9,cycSGLD,437.3718674361029,7.098530134136126,2.735152158977848,0.09283711351629924,0.7345360824742269,0.766566461678483,0.8121187714776632,0.2508981227874756
9,SGHMC,461.3118428348525,31.038505532885722,4.762932174696385,0.16166445202009086,0.6443298969072165,0.649281323036727,0.7326353092783505,0.2544426918029785
9,AWSGLD,431.282448426632,1.009111124665253,0.38350508795887295,0.013017010870145364,0.7525773195876289,0.7804482979863981,0.8418868127147767,0.5115923881530762
10,SGLD,663.4786029290003,228.94387857981565,7.4735378217099555,0.2536684026316586,0.5412371134020618,0.5305873478717119,0.5847723367697595,0.25247764587402344
10,qSGLD,436.1700958545309,1.6353715053462565,0.4751019224619738,0.016126010014703346,0.7551546391752577,0.7809379958844554,0.8346542096219931,0.34346628189086914
10,cycSGLD,442.1796259354856,7.644901586300932,2.9945339063027037,0.10164110368606465,0.729381443298969,0.7661128068617757,0.8081561426116839,0.2596287727355957
10,SGHMC,468.1944375490208,33.65971319983612,5.132660658825412,0.17421385448701723,0.654639175257732,0.6553958919160208,0.7413176546391752,0.26135778427124023
10,AWSGLD,435.5352552975384,1.0005309483537417,0.38535815583535926,0.013079908092238874,0.7525773195876289,0.7797195627689478,0.8389819587628866,0.5121946334838867
11,SGLD,661.7518937636364,230.58135738464335,7.085406007705244,0.24049435044674886,0.5309278350515464,0.5227505359850957,0.5851052405498282,0.2571432590484619
11,qSGLD,432.8715713631039,1.7010349841108336,0.4890078088821676,0.016598006554968497,0.7577319587628866,0.7831692219038283,0.8496509879725085,0.3460428714752197
11,cycSGLD,437.6319411582928,6.461404779299755,2.43847228102863,0.0827671423021689,0.7345360824742269,0.7719716828542658,0.8275987972508592,0.2582218647003174
11,SGHMC,463.247116508782,32.076580129788965,4.6273425875761225,0.15706224155447054,0.6649484536082474,0.6819982212426539,0.7470414518900343,0.2605135440826416
11,AWSGLD,432.1709137067019,1.0003773277088612,0.386393579490657,0.013115052661110045,0.7654639175257731,0.790514997697594,0.8555358676975944,0.49365901947021484
12,SGLD,656.9488695804087,228.13967537600934,7.0602447522465015,0.23964032178820838,0.5283505154639175,0.5215470969863648,0.5840743127147766,0.24967741966247559
12,qSGLD,430.6134224460975,1.8042282416981834,0.5110673400392428,0.017346755830734955,0.7396907216494846,0.771464560433734,0.8209997852233677,0.3419480323791504
12,cycSGLD,435.35616858098354,6.546974376584217,2.505691489977076,0.08504871092025808,0.7061855670103093,0.7463776801329994,0.8017772766323024,0.25627589225769043
12,SGHMC,462.051133342619,33.241939138219664,4.710290495169308,0.1598776769911761,0.6623711340206185,0.6728768988210223,0.7373013316151202,0.252347469329834
12,AWSGLD,429.8128656531109,1.0036714487116,0.38169359027808447,0.012955524632433194,0.7448453608247423,0.7759270888736577,0.8254725085910652,0.5010921955108643
13,SGLD,655.9904298227538,224.68794757013626,7.085693857659366,0.24050412071081942,0.5180412371134021,0.5139386474449974,0.5827373281786942,0.25657057762145996
13,qSGLD,433.01701712900734,1.7145348763898483,0.4961296661395455,0.016839738141447094,0.7422680412371134,0.7738021203284896,0.8256550687285223,0.3460118770599365
13,cycSGLD,437.9391645411651,6.636682288547604,2.624224375080848,0.08907197919572606,0.7164948453608248,0.7566925787595994,0.8065238402061855,0.257326602935791
13,SGHMC,462.65883443752915,31.356352184911657,4.682470966939121,0.15893342067556374,0.6675257731958762,0.6815758686086357,0.7368234536082474,0.2586019039154053
13,AWSGLD,432.3050568052199,1.0025745526024252,0.3759099630849929,0.012759215534053212,0.7474226804123711,0.7782377987141851,0.8318621134020618,0.4953789710998535
14,SGLD,655.4093165297127,225.22033909795556,6.952034038054541,0.2359674108226725,0.5283505154639175,0.5207010766080139,0.5845736683848798,0.254075288772583
14,qSGLD,431.7905999888416,1.6016225570845108,0.4815135143815087,0.016343633624746487,0.7628865979381443,0.7912118552900507,0.8573185137457044,0.34908223152160645
14,cycSGLD,436.0970632731249,5.908085841367779,2.3264239288336426,0.07896397341524024,0.7448453608247423,0.7795121459531631,0.8466226374570447,0.2546079158782959
14,SGHMC,461.3822261386198,31.193248706862676,4.470653769184018,0.15174387651505028,0.6829896907216495,0.6944082620529869,0.756969501718213,0.2579786777496338
14,AWSGLD,431.1936988077822,1.0047213760250884,0.3856870151775068,0.013091070305638094,0.7577319587628866,0.7874160746067168,0.8580433848797251,0.5071413516998291
15,SGLD,660.1280716831905,222.46447560757463,7.3788621001054135,0.25045489924941045,0.5257731958762887,0.518974548708164,0.5813520189003436,0.25318264961242676
15,qSGLD,439.4753731860423,1.8117771104264762,0.5075843757705794,0.01722853632030598,0.7628865979381443,0.7844364024653282,0.8381765463917527,0.33176374435424805
15,cycSGLD,445.6739960739473,8.01039999833148,3.231380860000738,0.10968021312071903,0.7319587628865979,0.762815422421792,0.8150236254295532,0.2493433952331543
15,SGHMC,469.84402521594495,32.180429140329124,5.252087745274428,0.17826747393381676,0.6494845360824743,0.6586625385137493,0.7231582903780069,0.25362086296081543
15,AWSGLD,438.66737441882776,1.003778343211934,0.38082263307680614,0.012925962418756156,0.7628865979381443,0.7847498308389194,0.8420371563573884,0.49080467224121094
16,SGLD,655.0083545325036,224.80210103404067,7.160738389326406,0.24305129808897089,0.5309278350515464,0.5234203859164372,0.5817708333333333,0.25148868560791016
16,qSGLD,431.912283471776,1.7060299733130364,0.49328997506368455,0.016743352745886706,0.7525773195876289,0.7818028464593745,0.8374355670103092,0.3493342399597168
16,cycSGLD,437.5050923498102,7.298838851347227,2.8018631739209807,0.09510143290589312,0.7268041237113402,0.763932608112022,0.8200171821305842,0.25765085220336914
16,SGHMC,462.15213047736336,31.9458769789004,4.846451963244724,0.1644992983612235,0.6623711340206185,0.6752259475202322,0.7353414948453609,0.2594330310821533
16,AWSGLD,431.208710348561,1.0024568500980422,0.38362204301345665,0.013020980583363347,0.7448453608247423,0.7757187414435237,0.8418277491408934,0.512089729309082
17,SGLD,659.4260514125895,225.17991559796752,7.428981724966489,0.25215607016502084,0.5309278350515464,0.5239010707669401,0.5823507302405498,0.2568686008453369
17,qSGLD,435.915591877545,1.669456062923075,0.47871476215420516,0.016248637784249162,0.7525773195876289,0.7776021832451919,0.8309546821305842,0.3453660011291504
17,cycSGLD,442.87676839201214,8.630632577390202,3.3164225389417563,0.11256671578769112,0.6958762886597938,0.7377576187376133,0.7947970360824743,0.2565596103668213
17,SGHMC,466.1262660712663,31.88013025664435,5.262604592903987,0.17862443900210895,0.6262886597938144,0.6448664309425866,0.7137671821305842,0.2558596134185791
17,AWSGLD,435.2560564900467,1.0099206754247803,0.3745478896681487,0.012712983749835273,0.7577319587628866,0.7823319202050469,0.835851589347079,0.49577808380126953
18,SGLD,658.3496326322054,227.58480776189344,7.03876100390166,0.2389111158545279,0.5309278350515464,0.5227677048536812,0.5849226804123712,0.25502920150756836
18,qSGLD,432.4816930778765,1.7168682075645734,0.4963803874788552,0.0168482481782149,0.7603092783505154,0.7872245179909213,0.8510416666666666,0.3426201343536377
18,cycSGLD,437.6640456855475,6.899220815235537,2.615690949587348,0.08878233586139728,0.7242268041237113,0.7644022387513366,0.8299022766323024,0.25141167640686035
18,SGHMC,462.07796018960977,31.313135319297828,4.686247472847748,0.15906160363846886,0.6597938144329897,0.6741827249661045,0.7437392611683848,0.254558801651001
18,AWSGLD,431.7691513603238,1.004326490011863,0.39378058390508613,0.013365783928515678,0.7603092783505154,0.7885592999659967,0.8552888745704467,0.5124073028564453
19,SGLD,669.9330719793442,234.6892024792869,7.752370672083316,0.26313260625821605,0.520618556701031,0.5136812100089911,0.583118556701031,0.25674915313720703
19,qSGLD,436.91837946314973,1.6745099630924756,0.4795003483292797,0.016275302316484722,0.7551546391752577,0.7765849877302111,0.8185835481099658,0.3426966667175293
19,cycSGLD,444.59764481912066,9.353775319063402,3.3037314376272757,0.1121359517406117,0.7474226804123711,0.777238619507795,0.8405122422680412,0.25621604919433594
19,SGHMC,472.0575132165603,36.813643716503066,5.494009338644415,0.18647882786234066,0.6572164948453608,0.6548450497564843,0.7432989690721649,0.2598097324371338
19,AWSGLD,436.2489000027622,1.0050305027049262,0.37293339818926036,0.01265818433832733,0.7448453608247423,0.7690275673281185,0.8205594931271478,0.4994676113128662
20,SGLD,666.1795331821802,230.70263805692542,7.355093331619408,0.24964813467843955,0.5309278350515464,0.522522745847644,0.5823399914089347,0.2549252510070801
20,qSGLD,437.2928047831032,1.8159096578484082,0.5036759664746977,0.01709587626471129,0.7628865979381443,0.7857050310182301,0.8295049398625429,0.3400731086730957
20,cycSGLD,442.9549660492723,7.478070924017516,2.9080619880214438,0.09870605553267434,0.7371134020618557,0.7686448829398849,0.8174667096219932,0.24975228309631348
20,SGHMC,468.3725707277971,32.895675602542326,4.946448197748345,0.16789339171845907,0.6675257731958762,0.6719784233961097,0.7484375000000001,0.2543647289276123
20,AWSGLD,436.47950032812054,1.002605202865766,0.38748336908167075,0.013152042530078664,0.7654639175257731,0.7883919950034539,0.8338273195876289,0.4934101104736328
21,SGLD,656.2100673171578,225.75497225272142,7.097960272377407,0.2409204699555512,0.5335051546391752,0.5254340415765484,0.5831507731958763,0.2571861743927002
21,qSGLD,432.1423763627716,1.687281298335165,0.4832413778545421,0.016402281132476593,0.7396907216494846,0.77156669243532,0.8247905927835052,0.34365034103393555
21,cycSGLD,436.9126417524256,6.457546687989179,2.7106247496959996,0.09200459899885804,0.7139175257731959,0.7560597351143722,0.8078715635738831,0.25099873542785645
21,SGHMC,461.7225419437294,31.267446879293004,4.755207406057131,0.16140225628787336,0.6597938144329897,0.6746122183694477,0.7362865120274914,0.25350260734558105
21,AWSGLD,431.4658490305726,1.0107539661361784,0.3895635202097287,0.013222647459962614,0.7422680412371134,0.7745080722775455,0.8304499570446736,0.4985053539276123
22,SGLD,656.1905388603245,221.60156420280953,7.134353696383061,0.24215574325636904,0.5283505154639175,0.5217050448499448,0.5811533505154639,0.2611258029937744
22,qSGLD,436.20101501787906,1.6120403603640625,0.48385840507103434,0.016423224400861903,0.7603092783505154,0.7834000663851601,0.8242160652920962,0.35289454460144043
22,cycSGLD,441.81904752396247,7.230072866447472,3.0099519386483515,0.10216442580340011,0.7268041237113402,0.75838760457912,0.8001449742268042,0.2539491653442383
22,SGHMC,464.61012396888077,30.021149311365775,4.886817011729239,0.16586937738075722,0.654639175257732,0.6695868342875255,0.7306325171821306,0.2604851722717285
22,AWSGLD,435.5950508607378,1.00607620322279,0.3858464570190774,0.013096482114372957,0.7577319587628866,0.7820136195784325,0.8255530498281787,0.503204345703125
23,SGLD,658.8100977123694,228.12290714673009,7.173232468240902,0.24347537476004727,0.520618556701031,0.5150653669794141,0.5830433848797251,0.2566089630126953
23,qSGLD,432.3924365854023,1.705246019763024,0.4849526300909571,0.01646036481809738,0.7551546391752577,0.7815129307105184,0.8250322164948454,0.34645891189575195
23,cycSGLD,437.4763706443569,6.789180078717607,2.6836571812390773,0.09108926008219992,0.7190721649484536,0.7608703445678234,0.8150934278350517,0.2561790943145752
23,SGHMC,462.4202066267455,31.733016061106184,4.755939816891674,0.16142711593144518,0.6520618556701031,0.6679163035212097,0.739024914089347,0.25438785552978516
23,AWSGLD,431.6892273846808,1.002036819041507,0.37872770380266857,0.01285485588590995,0.7525773195876289,0.7800962149704271,0.8337575171821306,0.5041289329528809
24,SGLD,662.772313660073,226.97845107921603,7.402831555099718,0.2512684755643244,0.5283505154639175,0.5217595915061943,0.5828286082474227,0.2569897174835205
24,qSGLD,437.50562295541744,1.7117603745604697,0.4824176795165905,0.016374322989141644,0.7577319587628866,0.7813254640826307,0.8489261168384881,0.3496673107147217
24,cycSGLD,444.0624908229166,8.268628242059606,2.9964110647954447,0.10170481859695424,0.7345360824742269,0.7704947079714383,0.8288445017182131,0.2578275203704834
24,SGHMC,469.8774714414057,34.083608860548736,5.129884820255341,0.1741196363867238,0.6417525773195877,0.6569380789706869,0.7312607388316151,0.2532780170440674
24,AWSGLD,436.79609892213034,1.002236341273374,0.3718079027754829,0.012619982534764792,0.7577319587628866,0.7821838259259335,0.852942439862543,0.4999687671661377
25,SGLD,660.7954368765481,224.4782375265305,7.28775348833243,0.24736247146409784,0.5231958762886598,0.5163216424597366,0.5832635309278351,0.25121617317199707
25,qSGLD,438.0320322412327,1.7148328912150532,0.4906745251893781,0.01665457859265352,0.7577319587628866,0.7838845665950593,0.8394544673539519,0.34877490997314453
25,cycSGLD,443.6376908889517,7.32049153893405,2.7864160132645757,0.09457712210926852,0.7422680412371134,0.7744419849220253,0.8337575171821306,0.2513139247894287
25,SGHMC,469.73071706150205,33.41351771148442,4.970683530496246,0.1687159925123626,0.6701030927835051,0.6792997462552731,0.7442654639175258,0.2548062801361084
25,AWSGLD,437.3196852835668,1.002485933549167,0.37770390628710965,0.012820105933934638,0.7577319587628866,0.7840123559013602,0.8387510738831616,0.5047178268432617
26,SGLD,662.6268079831651,228.43863898266187,7.220696205254108,0.24508639896816647,0.538659793814433,0.528281335701204,0.5821091065292097,0.2599294185638428
26,qSGLD,435.8832965999443,1.6951275994410366,0.4921481960585847,0.01670459824122083,0.7757731958762887,0.7994360214145632,0.8393846649484537,0.3383333683013916
26,cycSGLD,441.72868380098316,7.540514800479912,2.7916401348249393,0.09475444034903464,0.7551546391752577,0.7870298992737623,0.833483676975945,0.2558615207672119
26,SGHMC,467.92717187998335,33.7390028794801,4.834383402565824,0.16408966472016714,0.6597938144329897,0.6589680474310399,0.7493341924398625,0.2611422538757324
26,AWSGLD,435.19588078989966,1.00771178939641,0.38043852861378147,0.012912925063770658,0.7783505154639175,0.8019724321750382,0.8426009450171821,0.5092272758483887
27,SGLD,667.9010526649625,230.9391149402071,7.668086941652857,0.2602718300400207,0.5438144329896907,0.531990521546283,0.5835803264604811,0.2556488513946533
27,qSGLD,438.693065846998,1.7311281222425805,0.5095993018824369,0.017296927368884194,0.7474226804123711,0.7715991373091229,0.8318674828178694,0.3391425609588623
27,cycSGLD,445.11563911017447,8.153701385419026,3.23688910344817,0.10986717508571471,0.7190721649484536,0.7575121328221727,0.8247476374570448,0.2514307498931885
27,SGHMC,470.9761923730574,34.01425464830197,5.385538740831818,0.18279709587194484,0.6649484536082474,0.6726136694318287,0.7498818728522337,0.2543296813964844
27,AWSGLD,437.96350656669165,1.001568841936205,0.364733863192999,0.012379873985928783,0.7448453608247423,0.7706350272634578,0.8372530068728522,0.50752854347229
28,SGLD,658.6347030679583,230.58508342718875,7.173018422526924,0.24346810957511744,0.5360824742268041,0.5270378605286229,0.5859106529209622,0.2603459358215332
28,qSGLD,429.744804408262,1.6951847674924352,0.4853239163711067,0.016472967095606566,0.7422680412371134,0.773186902277488,0.8324849656357388,0.34960341453552246
28,cycSGLD,434.9543353862945,6.904715745524925,2.5223633530230143,0.08561459082461498,0.7190721649484536,0.7586591687705858,0.8145833333333333,0.2533552646636963
28,SGHMC,461.5875051208355,33.53788548006594,4.695256481268751,0.15936738930918726,0.6726804123711341,0.6835917286230886,0.750585266323024,0.25426220893859863
28,AWSGLD,429.05817041629234,1.0085507755227923,0.3871313304736283,0.013140093561130198,0.7525773195876289,0.7817205455088337,0.8347186426116837,0.499481201171875
29,SGLD,651.7614527948925,221.78597024031853,7.153784963333484,0.2428152834321215,0.5231958762886598,0.5180327474281469,0.5799291237113402,0.25702548027038574
29,qSGLD,431.67205410843854,1.696571553864544,0.48521631533479165,0.016469314878456574,0.7551546391752577,0.7812666104779014,0.8211286512027491,0.34971117973327637
29,cycSGLD,437.0763859598629,7.100903405288875,2.8171906359748773,0.09562168086721538,0.6958762886597938,0.7387383662163517,0.7922143470790378,0.25208115577697754
29,SGHMC,461.2361698361335,31.260687281559512,4.856410800957372,0.16483732333880466,0.6211340206185567,0.6399110968225532,0.7177190721649485,0.25708961486816406
29,AWSGLD,430.9796233859573,1.0041408313833244,0.3856110857671752,0.01308849309352101,0.75,0.7776121107608799,0.826294029209622,0.49971747398376465
30,SGLD,657.6058750089869,220.98478273331796,7.332743733086245,0.24888953987439677,0.5231958762886598,0.5181340958662459,0.5816849226804124,0.25852227210998535
30,qSGLD,438.3343485591035,1.7132562834345322,0.4938414060820951,0.016762069534232298,0.7757731958762887,0.7982903651739793,0.849473797250859,0.3487246036529541
30,cycSGLD,444.03120961743855,7.410117341769592,3.3009057194082216,0.11204004061471462,0.7242268041237113,0.7566577154120934,0.8175418814432989,0.25440502166748047
30,SGHMC,466.75269243339295,30.131600157723994,5.221409957151119,0.17722620195591812,0.6288659793814433,0.6439565943841804,0.7157484965635739,0.2572486400604248
30,AWSGLD,437.6434231878024,1.022330912133441,0.3934121654044081,0.01335327898978432,0.770618556701031,0.7951504903276814,0.8581239261168385,0.5065994262695312
31,SGLD,659.8877869275576,227.91111171570822,6.9939264120257,0.23738933064715537,0.5154639175257731,0.5104876437980937,0.5813251718213058,0.261887788772583
31,qSGLD,433.59162991830914,1.6149547064597414,0.48923134017423303,0.016605593701397553,0.7345360824742269,0.7669500884209777,0.8363240979381443,0.35325074195861816
31,cycSGLD,438.21860287323034,6.241927661380942,2.4220477223479824,0.0822096564549244,0.7139175257731959,0.7484475466214755,0.8058795103092784,0.2559492588043213
31,SGHMC,462.7936958031369,30.81702059128753,4.505703006446238,0.15293352514490507,0.6572164948453608,0.6694770032729673,0.7377738402061855,0.266463041305542
31,AWSGLD,432.9838829251598,1.007207713310379,0.38392415308412176,0.013031234867328025,0.7448453608247423,0.7747454197951176,0.8375053694158074,0.5107278823852539
32,SGLD,659.6523951211611,227.68256218731892,7.261068247896906,0.24645671538490102,0.5231958762886598,0.5162589447868232,0.5846971649484536,0.2560436725616455
32,qSGLD,433.55595533030123,1.586122396459018,0.48938998124304456,0.016610978330133936,0.7345360824742269,0.7670268952863858,0.8342837199312715,0.3514223098754883
32,cycSGLD,439.06264877230785,7.09281583846564,2.8057351285337133,0.09523285560891617,0.7190721649484536,0.7583069638273868,0.8232817869415807,0.25762176513671875
32,SGHMC,464.7553488001797,32.785515866337505,4.924809873386108,0.16715893913287777,0.6365979381443299,0.6416868989628042,0.742273410652921,0.2619171142578125
32,AWSGLD,432.97740957650984,1.0075766426676296,0.38803500718085665,0.013170766347203771,0.7422680412371134,0.77369733706695,0.8390088058419245,0.5151052474975586
33,SGLD,660.1696328400258,225.58168734260425,7.203829283637166,0.24451389834450543,0.5309278350515464,0.5228937658319559,0.5821198453608247,0.2575845718383789
33,qSGLD,436.2961655145214,1.7082200170999045,0.4872033151147142,0.016536758045565227,0.770618556701031,0.7955136798555035,0.8361415378006873,0.35077762603759766
33,cycSGLD,441.82644721866114,7.238501721239629,2.8655663154058533,0.09726365841790491,0.7242268041237113,0.7626063604756074,0.8161941580756014,0.25856637954711914
33,SGHMC,467.5921557867199,33.004210289298385,4.949272741199977,0.16798926297015163,0.6597938144329897,0.675358126314939,0.735083762886598,0.25985240936279297
33,AWSGLD,435.5937077978566,1.0057623004350944,0.391887006826661,0.013301511734515575,0.7680412371134021,0.7940859038921767,0.8422573024054982,0.4981839656829834
34,SGLD,662.0726814863782,226.51471306348566,7.431282599340695,0.2522341669300449,0.5335051546391752,0.523726314310285,0.5820231958762887,0.25557661056518555
34,qSGLD,437.2042480355204,1.6462796126278363,0.47610875085596754,0.01616018399716272,0.7525773195876289,0.7788340745181264,0.8306325171821305,0.34439730644226074
34,cycSGLD,443.4861236484982,7.928155225605678,3.1575966341875175,0.10717581331062069,0.729381443298969,0.7657305991435287,0.8110985824742268,0.2527956962585449
34,SGHMC,467.6813046972644,32.123336274371866,5.152498820301118,0.17488720556287227,0.654639175257732,0.6625042114438681,0.7292203608247422,0.25646209716796875
34,AWSGLD,436.5655068429461,1.0075384200535495,0.3904214834594029,0.013251768630183942,0.7551546391752577,0.7811929035852835,0.8354381443298968,0.5146422386169434
35,SGLD,664.6627474146574,229.53653219189124,7.580317615666462,0.25729274499968674,0.5257731958762887,0.5187350570706467,0.5811801975945017,0.2552223205566406
35,qSGLD,436.9389151196799,1.8126998969137844,0.4925076709217601,0.016716799613115015,0.7422680412371134,0.7710837037860355,0.8323131443298968,0.3407936096191406
35,cycSGLD,443.647124000788,8.520908778021862,3.2121300968727624,0.10902679964391444,0.7242268041237113,0.7660081750758676,0.8135899914089347,0.25122857093811035
35,SGHMC,469.35767102573755,34.231455802971425,5.314980317684827,0.18040218693873358,0.6520618556701031,0.6669240596216567,0.736963058419244,0.25330257415771484
35,AWSGLD,436.12692781459185,1.0007125918257316,0.3617708341043752,0.012279302225432845,0.7474226804123711,0.7760601993240612,0.8359052835051546,0.4965951442718506
36,SGLD,660.6974994566219,229.6794041287742,7.236237375239925,0.24561390064934852,0.5283505154639175,0.5220182051622538,0.5817654639175258,0.255450963973999
36,qSGLD,432.83181319011476,1.8137178622670262,0.5025651909411206,0.017058174086438196,0.7448453608247423,0.7754432291471534,0.8290055841924397,0.34034037590026855
36,cycSGLD,438.43582560019945,7.417730272351719,2.7352838423169126,0.09284158314006653,0.7190721649484536,0.7598472715195322,0.8201138316151202,0.2526862621307373
36,SGHMC,464.15586252038975,33.137767192542015,4.85260084033589,0.16470800484895456,0.6623711340206185,0.6752861953981253,0.7408881013745704,0.25719690322875977
36,AWSGLD,432.0201096995269,1.002014371679195,0.3691527788967957,0.01252986175807731,0.7525773195876289,0.7823477872517128,0.831432560137457,0.4944179058074951
37,SGLD,666.1221519116416,234.83726387679735,7.223950372726215,0.24519685260929838,0.5335051546391752,0.5240057486117536,0.584278350515464,0.25880980491638184
37,qSGLD,432.92775489781206,1.6428668629678214,0.4872941421539597,0.016539840916156213,0.7474226804123711,0.7773134778666134,0.8350998711340205,0.3460080623626709
37,cycSGLD,438.44715278994124,7.162264755096999,2.591204730462821,0.0879512194289944,0.7268041237113402,0.7641305232050559,0.8269866838487974,0.25891542434692383
37,SGHMC,465.2818134382191,33.99692540337486,4.779309224375109,0.16222032530673608,0.6701030927835051,0.6837665784717504,0.7560352233676975,0.2565326690673828
37,AWSGLD,432.298433189034,1.0135451541897282,0.3881323791184118,0.013174071366118508,0.7474226804123711,0.7783750720072751,0.840233032646048,0.5044310092926025
38,SGLD,662.9875267191197,228.07883672050298,7.429827616264045,0.2521847815864881,0.520618556701031,0.5142320266212895,0.582399054982818,0.26180005073547363
38,qSGLD,436.4966784464427,1.5879884478259214,0.47136396391799584,0.015999135434608253,0.7551546391752577,0.7806460472616935,0.8295210481099657,0.3450615406036377
38,cycSGLD,443.0445266220995,8.13583662348276,2.9937513571236636,0.10161454223619132,0.7345360824742269,0.7700540256069146,0.8273249570446736,0.255709171295166
38,SGHMC,469.31184637418005,34.4031563755633,5.136580672841512,0.17434690843248193,0.6804123711340206,0.6802814002465156,0.752942439862543,0.2632918357849121
38,AWSGLD,435.9142943618299,1.0056043632131377,0.3787740192981867,0.0128564279362622,0.7654639175257731,0.7886813703162856,0.8326890034364263,0.5166921615600586
39,SGLD,662.5235208626642,231.35554116931587,7.245758802186107,0.24593707893810962,0.5335051546391752,0.5245732320401946,0.5854381443298969,0.25216031074523926
39,qSGLD,432.8595043942947,1.6915247009463314,0.48992881903893787,0.016629267676655304,0.7654639175257731,0.793372760060141,0.8421982388316152,0.34447622299194336
39,cycSGLD,438.3335188988178,7.165539205469429,2.7510851905431872,0.09337791584615679,0.7448453608247423,0.7783051271993326,0.8348958333333334,0.2543315887451172
39,SGHMC,464.29595475324567,33.127975059897324,4.872344229931871,0.16537813915760805,0.6752577319587629,0.6814372699460136,0.757544029209622,0.25533175468444824
39,AWSGLD,432.1798367827483,1.011857089399939,0.3822715227162511,0.012975140937577574,0.7577319587628866,0.7880675902743178,0.8459890463917525,0.4975135326385498
40,SGLD,659.4864055084392,224.45642311227743,7.304785192444295,0.24794056517008023,0.5257731958762887,0.5194556266711413,0.5811855670103092,0.25445055961608887
40,qSGLD,436.71656024495593,1.6865778487941157,0.4836607085128099,0.01641651414243719,0.7577319587628866,0.7834175581334698,0.8367482817869416,0.3452112674713135
40,cycSGLD,442.83239764909246,7.802415252930643,3.1057399405090305,0.10541568243753288,0.7216494845360825,0.7571813317840816,0.8075171821305842,0.2542095184326172
40,SGHMC,467.95702927293434,32.92704687677252,5.0816463213726415,0.17248231504724018,0.6572164948453608,0.6670849555744272,0.7314218213058419,0.25385451316833496
40,AWSGLD,436.04171830258394,1.0117359064221318,0.38519234985740813,0.013074280270639914,0.7603092783505154,0.785759542093046,0.8404585481099657,0.5029497146606445
41,SGLD,664.1667405399032,228.2041569452233,7.503200220256341,0.25467521004161464,0.5335051546391752,0.5251277208650378,0.5838541666666666,0.2521512508392334
41,qSGLD,437.6556698164872,1.6930862218072775,0.4827394854700943,0.016385245794930562,0.770618556701031,0.7943522107859371,0.8395027920962199,0.342745304107666
41,cycSGLD,444.4395560574958,8.476972462815866,3.2241818721572195,0.10943586355155978,0.7422680412371134,0.7778567521314692,0.8386222079037802,0.25344324111938477
41,SGHMC,470.2717010873998,34.30911749271985,5.319124379431057,0.18054284555967734,0.6675257731958762,0.665566157574023,0.7471756872852233,0.25643253326416016
41,AWSGLD,436.9707469612635,1.0081633665835739,0.3800905429821008,0.012901113661803737,0.770618556701031,0.7949389737074475,0.846386383161512,0.5026435852050781
42,SGLD,660.5481340458053,229.1673246835757,7.193007064297101,0.24414656828497874,0.5309278350515464,0.5217386411707429,0.5845521907216494,0.2538180351257324
42,qSGLD,433.07081981293544,1.6900104507058131,0.49476560184125773,0.016793438782309794,0.75,0.7801514179818109,0.8432291666666667,0.3449580669403076
42,cycSGLD,438.64013256106136,7.259323198831737,2.760552984079662,0.09369927369837334,0.7371134020618557,0.7756653118180905,0.8351965206185566,0.2525522708892822
42,SGHMC,464.196101612236,32.815292250006394,4.904245473257758,0.1664609379109554,0.6675257731958762,0.6711826270941739,0.7462843642611684,0.25498247146606445
42,AWSGLD,432.3817381260982,1.0009287638685578,0.3903254545305397,0.013248509195954494,0.7577319587628866,0.7869211429255649,0.8483891752577319,0.5032262802124023
43,SGLD,659.0972007084755,224.06254906674133,7.190472099602926,0.24406052597676547,0.5283505154639175,0.5216429394207892,0.5817869415807561,0.2521512508392334
43,qSGLD,436.7433271157006,1.708675473966423,0.49400503514748667,0.016767623466604382,0.7603092783505154,0.7848892827239736,0.8415753865979382,0.3425924777984619
43,cycSGLD,441.96466417875854,6.930012537024368,2.8017543009287693,0.09509773751574686,0.729381443298969,0.7652984263315342,0.8125751718213059,0.25267744064331055
43,SGHMC,466.8235716552353,31.788920013501127,4.9148347967604735,0.16682036297067485,0.654639175257732,0.6672827291437964,0.734471649484536,0.2553987503051758
43,AWSGLD,436.03868664337904,1.0040350016448656,0.38907926864647613,0.01320621089090354,0.7628865979381443,0.7873789768338925,0.8471219931271478,0.5018200874328613
44,SGLD,659.998193353722,227.62736727900443,7.094183119414583,0.24079226503019555,0.5335051546391752,0.5256553691327569,0.5815667955326461,0.24984288215637207
44,qSGLD,434.1435186109683,1.7726925362507586,0.4857008620100162,0.01648576146426867,0.7474226804123711,0.7777961555085978,0.8440936426116838,0.33840513229370117
44,cycSGLD,439.0003408116908,6.629514736973306,2.602458554533933,0.08833319910765795,0.7242268041237113,0.7606595658269569,0.82990764604811,0.2527496814727783
44,SGHMC,463.64267740497786,31.271851330260347,4.666442579254556,0.1583893817481238,0.6597938144329897,0.6740234563764959,0.7412263745704468,0.25426173210144043
44,AWSGLD,433.3708271429873,1.0000010682697962,0.3878751998009297,0.013165342131288643,0.7422680412371134,0.7744619126835652,0.847583762886598,0.49615049362182617
45,SGLD,656.3873664836927,224.77259604293675,7.117009127707427,0.2415670302351407,0.5283505154639175,0.521723537567704,0.5834890463917526,0.252748966217041
45,qSGLD,433.3272140405716,1.7124435998156287,0.49124633236143117,0.01667398699271897,0.7422680412371134,0.7727004511677537,0.8316527061855671,0.340179443359375
45,cycSGLD,437.8981704507034,6.2834000099474,2.6240036389653363,0.08906448692377122,0.7061855670103093,0.7469854626474807,0.8129564003436426,0.2519502639770508
45,SGHMC,462.3571919698787,30.742421529122737,4.736229890075054,0.16075811742353172,0.6417525773195877,0.658618338435076,0.7378006872852233,0.2545053958892822
45,AWSGLD,432.615463144672,1.0006927039160018,0.385001860381443,0.013067814636526731,0.7474226804123711,0.7772696041954172,0.8365603522336771,0.49880433082580566
46,SGLD,657.7250164074093,222.85642858165102,7.308425938937508,0.24806414015817188,0.5231958762886598,0.5179541963748128,0.5796713917525773,0.25394773483276367
46,qSGLD,436.5254537849845,1.656865959226252,0.4801161733272546,0.01629620477891465,0.7603092783505154,0.785494355210803,0.8270350085910652,0.3450191020965576
46,cycSGLD,443.0035258256421,8.134937999883846,3.261553891945851,0.11070435255757809,0.7268041237113402,0.7648707263490999,0.7988939003436426,0.25426173210144043
46,SGHMC,467.23880040880636,32.3702125830481,5.152136628873595,0.17487491198477598,0.654639175257732,0.6657952264936878,0.723206615120275,0.25672197341918945
46,AWSGLD,435.8716914802272,1.00310365446893,0.37771828360204085,0.01282059393180121,0.7577319587628866,0.7841383370008007,0.8293868127147767,0.5017969608306885
47,SGLD,659.7976669712922,229.69592137570731,7.082736444933532,0.24040373958209815,0.5335051546391752,0.5249316412288033,0.5846058848797251,0.25039052963256836
47,qSGLD,431.90799900438606,1.806253408801183,0.5014022298572937,0.01701870061517266,0.7474226804123711,0.7771709756094494,0.8231045962199313,0.3366243839263916
47,cycSGLD,436.66634021266344,6.564594617078569,2.4922437769588277,0.08459226579858109,0.7190721649484536,0.7568396100405224,0.8089830326460482,0.24962425231933594
47,SGHMC,462.7547013015225,32.65295570593764,4.6785541193764715,0.1588004742065323,0.6623711340206185,0.6708532441315673,0.7365173969072165,0.25345301628112793
47,AWSGLD,431.1034786373878,1.001733041802936,0.38182990074744705,0.012960151311236469,0.7422680412371134,0.7733499286031432,0.8274269759450172,0.4930603504180908
48,SGLD,658.2396516442732,226.28952980102116,7.250794918917349,0.2461080158781716,0.5283505154639175,0.5208263040251425,0.5817064003436426,0.2601604461669922
48,qSGLD,433.6356890940004,1.6855672507483632,0.4854694986987279,0.016477908481785382,0.7577319587628866,0.7844027613507041,0.8468105670103092,0.35050463676452637
48,cycSGLD,438.8787191204413,6.928597277189283,2.790031319587261,0.0946998336017073,0.729381443298969,0.7645602671705821,0.8305143900343642,0.25345873832702637
48,SGHMC,464.28978692807215,32.339665084820126,4.919719800580756,0.1669861708043277,0.6494845360824743,0.6609901124639579,0.7400826890034364,0.25427865982055664
48,AWSGLD,432.9504404488584,1.0003186056063669,0.385355590852919,0.013079821031061966,0.7551546391752577,0.783381213966565,0.8541612972508591,0.5008323192596436
49,SGLD,662.1547325967999,232.71044141353792,7.240999488089243,0.24577553729165316,0.5283505154639175,0.5212422796688566,0.5844018470790379,0.2524566650390625
49,qSGLD,431.13799728818026,1.693706104918249,0.48018214805230586,0.01629844410699689,0.7525773195876289,0.7808460817771308,0.8349763745704468,0.34265899658203125
49,cycSGLD,436.68745003987664,7.243158856614627,2.647658788633286,0.08986739502077055,0.729381443298969,0.7708326448534648,0.8349710051546393,0.2525968551635742
49,SGHMC,463.0116354661052,33.56734428284318,4.829207550614972,0.16391398485770406,0.6752577319587629,0.6778390156373774,0.7579896907216496,0.256453275680542
49,AWSGLD,430.4455295933343,1.0012384100722898,0.3897341932375639,0.013228440479998925,0.7525773195876289,0.781867648838895,0.8417310996563574,0.5005521774291992
50,SGLD,658.7682366529871,228.9688895029372,6.951790864223252,0.23595915696501948,0.5283505154639175,0.5211265844933134,0.5816741838487972,0.252047061920166
50,qSGLD,431.50745622801503,1.7081090779651618,0.4925325371360034,0.01671764362742217,0.7319587628865979,0.7663445420631285,0.8174989261168385,0.3506803512573242
50,cycSGLD,436.01133666474846,6.211989514698587,2.426608704141936,0.08236446626437548,0.7216494845360825,0.7605639616307257,0.79487220790378,0.2516133785247803
50,SGHMC,461.10480534255174,31.305458192501874,4.475694177141144,0.15191495910880953,0.6469072164948454,0.6603382882874299,0.7353898195876288,0.2562685012817383
50,AWSGLD,430.81038930548107,1.0110421554311984,0.395489876901715,0.013423801113204936,0.7422680412371134,0.7748848952819131,0.8245543384879724,0.5092983245849609
51,SGLD,661.9107558501746,229.81854775095144,7.140716720579688,0.24237171837048116,0.5412371134020618,0.5311377472822247,0.5832366838487972,0.251755952835083
51,qSGLD,433.9439210885645,1.8517129893413085,0.5152477867181863,0.017488649436766344,0.7783505154639175,0.8008999942757102,0.8429929123711342,0.3413667678833008
51,cycSGLD,438.85227172713076,6.760063627907584,2.6359553070077033,0.08947015297021634,0.7268041237113402,0.7663825546982362,0.829284793814433,0.252638578414917
51,SGHMC,464.3954716823767,32.30326358315352,4.734592350950717,0.16070253572396356,0.6623711340206185,0.6645831055725333,0.7454091494845361,0.2509422302246094
51,AWSGLD,433.11458112548496,1.0223730262617892,0.3710347407417883,0.012593739705365706,0.7783505154639175,0.8012034967726731,0.8438949742268042,0.49672985076904297
52,SGLD,654.3773558483333,222.09392601039656,7.28683556412485,0.24733131508635162,0.5231958762886598,0.5185066165379878,0.5832527920962199,0.25194859504699707
52,qSGLD,433.98563635437006,1.7022065164333071,0.4852561713964501,0.016470667681337526,0.7654639175257731,0.7921242931721566,0.8593051975945016,0.34201478958129883
52,cycSGLD,440.328650428137,8.045220590200245,2.985263535157944,0.10132644678645511,0.7319587628865979,0.7735305782703473,0.8471756872852234,0.2559843063354492
52,SGHMC,465.39087801139755,33.107448173460796,5.112036569606848,0.17351382728536072,0.6649484536082474,0.6752553756543543,0.7359482388316152,0.2580704689025879
52,AWSGLD,433.28965073639927,1.0062208984625158,0.39041918709614637,0.01325169068653623,0.7757731958762887,0.8009265106943566,0.8663391323024056,0.5012214183807373
53,SGLD,667.2418355950889,231.87371909208514,7.448422738142497,0.252815941149225,0.5231958762886598,0.5161381584276576,0.5847615979381443,0.2559082508087158
53,qSGLD,436.96560760663374,1.5974911036299773,0.4714087384858701,0.01600065518246826,0.7474226804123711,0.7734353349235827,0.8328339776632303,0.34690117835998535
53,cycSGLD,442.9984561231819,7.63033962017812,2.9213749480242854,0.09915792683897989,0.7164948453608248,0.7546331257139808,0.8171713917525774,0.2564070224761963
53,SGHMC,469.1810531829668,33.81293667996306,5.073698345775237,0.17221254317720397,0.6829896907216495,0.6894829206318082,0.7501718213058419,0.2589609622955322
53,AWSGLD,436.37397397796843,1.005857474964671,0.3928898559359047,0.01333555065124969,0.7448453608247423,0.7717870791632099,0.8347615979381443,0.5039713382720947
54,SGLD,667.5740661151516,232.26305185566468,7.471424681832483,0.2535966779906594,0.5283505154639175,0.5213432612833252,0.5822003865979382,0.24999213218688965
54,qSGLD,437.1119538189266,1.800939559439712,0.49774012398974565,0.016894400642676315,0.7525773195876289,0.7785874145706655,0.8225354381443298,0.3354477882385254
54,cycSGLD,443.4383202364399,8.127305976952982,3.0590750579108295,0.1038317731150574,0.7319587628865979,0.7713657037982342,0.8243610395189003,0.2511317729949951
54,SGHMC,469.23717268712846,33.92615842764155,5.1607283704185765,0.17516653469486765,0.6726804123711341,0.6735887721078573,0.7426814862542956,0.2508571147918701
54,AWSGLD,436.3157719453334,1.0047576858464708,0.3742603963840494,0.012703225591934078,0.7577319587628866,0.7829151031476965,0.8284417955326461,0.4985520839691162
55,SGLD,665.9138410526946,229.49501568554723,7.359613715580795,0.24980156650766447,0.5257731958762887,0.5179757133737953,0.5831937285223368,0.25438404083251953
55,qSGLD,438.1287529114603,1.7099275443129613,0.4845537968544821,0.016446827535965863,0.7654639175257731,0.7904795288400676,0.8387886597938145,0.34383487701416016
55,cycSGLD,443.94994655592734,7.531121188779991,2.9857444675272427,0.10134277069473048,0.7474226804123711,0.7781953047171497,0.8301009450171821,0.2545769214630127
55,SGHMC,469.3744355911428,32.95561022399545,4.967505964872576,0.16860813890738421,0.6726804123711341,0.676544300685625,0.7514390034364261,0.2590339183807373
55,AWSGLD,437.42345430899906,1.0046289418517063,0.37666334973900534,0.012784787143329368,0.7603092783505154,0.7868848855278844,0.8384235395189004,0.49879956245422363
56,SGLD,659.5521388648983,223.03882664923412,7.200007930412774,0.24438419316451598,0.5309278350515464,0.5233990091856681,0.5810781786941581,0.2537388801574707
56,qSGLD,438.2227769978749,1.7094647822107163,0.4918904669495207,0.016695850345248724,0.7654639175257731,0.7914605740788008,0.8447111254295533,0.3385779857635498
56,cycSGLD,443.7031291892546,7.189816973590382,2.972304278417835,0.10088658095115989,0.729381443298969,0.7644242384314038,0.8139980670103093,0.2529904842376709
56,SGHMC,467.9479703586344,31.434658142970193,4.957455576012242,0.16826700648137016,0.6597938144329897,0.670952442239197,0.7304445876288661,0.25543975830078125
56,AWSGLD,437.5135871345785,1.000274918914272,0.3774003165574146,0.012809801427069974,0.7577319587628866,0.7858666434469779,0.8487811426116839,0.5054616928100586
57,SGLD,663.1979796925646,231.75183730860095,7.345675111427708,0.24932845945518428,0.5231958762886598,0.5161491879263953,0.5832903780068729,0.2552163600921631
57,qSGLD,433.15812559753175,1.7119832135681463,0.48420880649534354,0.01643511780017356,0.7551546391752577,0.7814947398993841,0.8427137027491409,0.3474764823913574
57,cycSGLD,438.7831464993296,7.337004115365971,2.7151064437976355,0.09215671760867403,0.7396907216494846,0.7715576453860222,0.840501503436426,0.24553203582763672
57,SGHMC,465.3683673976715,33.92222501370787,4.93936571778966,0.1676529966845875,0.6623711340206185,0.6687395068905266,0.7535008591065293,0.24572396278381348
57,AWSGLD,432.4505419876056,1.004399603642014,0.3739509876976403,0.012692723576808956,0.7551546391752577,0.7824473279831761,0.8454037800687285,0.4937305450439453
58,SGLD,661.3678927011541,226.76400522148793,7.511789822717432,0.2549667601464682,0.5257731958762887,0.5190187807926097,0.5786673109965637,0.2524909973144531
58,qSGLD,436.32282861307993,1.7189411334137503,0.49046574154229966,0.016647492013912166,0.7603092783505154,0.7847076709150738,0.8338273195876288,0.33670544624328613
58,cycSGLD,443.59349168767716,8.989604208010974,3.310378263625535,0.11236155971554573,0.7268041237113402,0.7657897746801235,0.8155874140893471,0.24915671348571777
58,SGHMC,468.03610625978837,33.432218780122184,5.279007251432276,0.17918118150974657,0.6572164948453608,0.6672182911400691,0.7297197164948452,0.25150060653686523
58,AWSGLD,435.60537766013397,1.0014901804677834,0.3688903428195272,0.012520954097194106,0.7680412371134021,0.7911371235929527,0.8371670962199312,0.4939436912536621
59,SGLD,660.4250108273607,228.54938180628255,7.110623749357889,0.24135029637163888,0.5309278350515464,0.5235366832212223,0.5863240979381443,0.2513701915740967
59,qSGLD,433.58264847098036,1.7070194499022477,0.4905835074041515,0.01665148924772207,0.7603092783505154,0.787585960595247,0.8429445876288659,0.3415961265563965
59,cycSGLD,438.36102282290915,6.485393801831037,2.6264871730931247,0.08914878356481414,0.7319587628865979,0.7726130755579053,0.8190184707903779,0.24987077713012695
59,SGHMC,463.61026167407914,31.73463265300103,4.715971713283207,0.16007051009891374,0.6726804123711341,0.6828941535012701,0.7487059707903779,0.25012922286987305
59,AWSGLD,432.8789598752482,1.0033308541700876,0.37495093037475236,0.012726663842808468,0.7628865979381443,0.7904828730181463,0.8478468642611684,0.49967002868652344
60,SGLD,664.3716014968727,231.3596554237614,7.263678021121023,0.24654529686007187,0.5283505154639175,0.5202639401401825,0.5822111254295532,0.2500748634338379
60,qSGLD,434.7041761413295,1.6922300682182367,0.4866306691225193,0.016517321174088974,0.7371134020618557,0.7690157036660552,0.8375107388316152,0.3345623016357422
60,cycSGLD,439.9535065648206,6.9415604917093106,2.6943036439539796,0.09145062457315381,0.7268041237113402,0.7672778672532321,0.8246295103092783,0.24933195114135742
60,SGHMC,465.8484633935081,32.83651732039681,4.81032581586998,0.16327309702038514,0.6829896907216495,0.6881204234961746,0.7507893041237114,0.25119733810424805
60,AWSGLD,434.01654619633445,1.004600123223156,0.3761535826494485,0.012767484520875724,0.7448453608247423,0.775160288227156,0.8381121134020618,0.49013352394104004
61,SGLD,658.2500934284302,229.90550791166106,7.08816410286483,0.24058796629644802,0.5283505154639175,0.5210467075151533,0.5843213058419244,0.24744582176208496
61,qSGLD,430.05647859132813,1.7118930745589864,0.4960391822464883,0.01683666691799666,0.7422680412371134,0.7742682379976694,0.8379456615120275,0.335284948348999
61,cycSGLD,434.65115530091106,6.306569784141914,2.4495345562211033,0.08314262038824949,0.7216494845360825,0.759921950713388,0.8244201030927836,0.24985241889953613
61,SGHMC,460.752124350177,32.40753883340784,4.644978651779799,0.1576608485786111,0.654639175257732,0.6709406021189454,0.7395994415807561,0.2530086040496826
61,AWSGLD,429.34637717094705,1.0017916541779073,0.391118386812436,0.013275423071302715,0.7448453608247423,0.7771585734145602,0.8431539948453609,0.49928998947143555
62,SGLD,658.6615851019923,228.33941779002714,6.946954831442957,0.2357950113167713,0.5335051546391752,0.5251743159867625,0.5850783934707904,0.25074148178100586
62,qSGLD,432.11166391482743,1.7894966028623003,0.49926699584074896,0.016946226050228566,0.7577319587628866,0.7876006246935718,0.837403350515464,0.3415238857269287
62,cycSGLD,436.4090425260463,6.086875214081147,2.3941606718183195,0.08126310828313106,0.7371134020618557,0.7736149564555517,0.815662585910653,0.2510793209075928
62,SGHMC,461.20247202607965,30.880304714114516,4.505359762539226,0.15292187468756052,0.6675257731958762,0.6821273518587702,0.7421284364261169,0.25399184226989746
62,AWSGLD,431.32346945728165,1.0013021453165152,0.37380480247144876,0.01268776172691925,0.7551546391752577,0.7867572578019787,0.8450171821305842,0.49151039123535156
63,SGLD,657.4139781922853,225.18133624852368,7.032095352049516,0.2386848688884765,0.5335051546391752,0.5252166109228623,0.5837789948453609,0.24838042259216309
63,qSGLD,434.03488923464914,1.8022472908875216,0.5029909660170518,0.017072625834187182,0.7577319587628866,0.787163303659976,0.8453554553264604,0.336240291595459
63,cycSGLD,438.5349262858892,6.302284342127564,2.6404998268362467,0.08962440402415303,0.7164948453608248,0.755386761134669,0.8153833762886598,0.24846100807189941
63,SGHMC,462.9147777183216,30.68213577455998,4.702582670577161,0.15961605637739198,0.6391752577319587,0.6545638116771508,0.7300365120274914,0.2505314350128174
63,AWSGLD,433.2362814554783,1.003639511716699,0.37431352349426616,0.012705028843554208,0.7680412371134021,0.7953361121526794,0.8514014175257731,0.49655628204345703
64,SGLD,661.4747001549943,228.0942998495081,7.080339343034633,0.24032237664206285,0.538659793814433,0.5291692715431586,0.5830970790378007,0.25249385833740234
64,qSGLD,435.09624726908976,1.7158469636036102,0.4932505153769438,0.01674201339684711,0.7654639175257731,0.7899959592449617,0.8522121993127146,0.34465694427490234
64,cycSGLD,439.7167249894537,6.336324683967575,2.5476981442477564,0.08647450967085646,0.7345360824742269,0.7696572437167738,0.8276256443298969,0.25134706497192383
64,SGHMC,465.21087331215733,31.830473006671184,4.688445337846724,0.15913620403747541,0.634020618556701,0.6552531397555609,0.7316849226804124,0.2551891803741455
64,AWSGLD,434.38099713091526,1.0005968254291133,0.3662932083086589,0.01243280160790346,0.7603092783505154,0.7864919864631235,0.8604703608247423,0.5010948181152344
65,SGLD,663.0940972684615,227.57369533734067,7.482795119926863,0.25398261580718384,0.5360824742268041,0.5272068957849159,0.5831239261168385,0.2500641345977783
65,qSGLD,437.2263678239739,1.705965892853044,0.4843491196895409,0.016439880340310416,0.7474226804123711,0.7740547308621257,0.8305090206185567,0.3418591022491455
65,cycSGLD,443.458710865603,7.938308934482166,3.2378371787020597,0.1098993548566567,0.729381443298969,0.7645648214265384,0.8092300257731959,0.254422664642334
65,SGHMC,467.94471051881186,32.42430858769103,5.233241548684395,0.17762779234007567,0.6494845360824743,0.6618835814613906,0.7272336769759451,0.25449132919311523
65,AWSGLD,436.52572226843796,1.00532033731713,0.3938958754007242,0.013369697176863808,0.7551546391752577,0.7805738172409544,0.8339561855670102,0.5032386779785156
66,SGLD,656.6965549076715,226.35010441249307,7.019902427477255,0.23827101406182813,0.538659793814433,0.5306039096804066,0.5830863402061855,0.2539100646972656
66,qSGLD,432.0404419425269,1.6939914473484805,0.4830137862073586,0.01639455616861468,0.7371134020618557,0.7686381839228871,0.8144705756013746,0.3451695442199707
66,cycSGLD,437.78571494289145,7.439264447713015,2.6443020011739633,0.08975345823031144,0.7319587628865979,0.7689049538018953,0.8076782646048111,0.25427675247192383
66,SGHMC,462.9522733906581,32.60582289547966,4.638401200557059,0.15743759533699195,0.6752577319587629,0.6832185450432756,0.739685352233677,0.25589799880981445
66,AWSGLD,431.35346057083353,1.0070100756551028,0.38973865145097425,0.013228591801622148,0.7345360824742269,0.7678207272653567,0.8207474226804123,0.5055367946624756
67,SGLD,661.4694500490721,230.51773613683116,7.118165731812552,0.24160628793648958,0.5257731958762887,0.5183244150969232,0.5845521907216495,0.25226616859436035
67,qSGLD,432.54715138010994,1.5954374678690328,0.472515183500207,0.016038210373340682,0.7474226804123711,0.7763336076582513,0.8277384020618557,0.34702062606811523
67,cycSGLD,437.8565574619413,6.904843549700388,2.5517296333463793,0.0866113473271675,0.7216494845360825,0.7613791772544343,0.8151632302405498,0.2573533058166504
67,SGHMC,463.5828260965682,32.63111218432732,4.659073199846342,0.15813924871240975,0.6649484536082474,0.6751422380046407,0.7447809278350517,0.25684309005737305
67,AWSGLD,431.9576504677935,1.00593655555258,0.38622676245265564,0.013109390521896858,0.7525773195876289,0.7811164422163214,0.8339400773195875,0.5096189975738525
68,SGLD,659.4489474830244,223.86309693091687,7.226361036545523,0.24527867587090676,0.5309278350515464,0.524875747053088,0.5831829896907217,0.25531840324401855
68,qSGLD,437.227880889781,1.6420303376734182,0.4789236768490308,0.016255728811040884,0.7577319587628866,0.7841007926046972,0.8504456615120275,0.3480865955352783
68,cycSGLD,443.0309697024567,7.4451191503491145,2.9351362625298676,0.09962501628871845,0.7268041237113402,0.7640367531606405,0.8324366408934709,0.25467514991760254
68,SGHMC,467.71527483272274,32.12942428061518,5.002283735354716,0.1697885733543295,0.6649484536082474,0.6752287303030606,0.7363079896907216,0.256178617477417
68,AWSGLD,436.59420370966944,1.008353157561885,0.3806741946007851,0.0129209240885838,0.7680412371134021,0.792007803319572,0.8521423969072166,0.5045828819274902
69,SGLD,660.1246976027219,229.96662478594078,7.32840113415608,0.24874214246233245,0.5335051546391752,0.5253795540810317,0.5850837628865979,0.2522592544555664
69,qSGLD,431.76556905470443,1.6074962379233284,0.47523931054226437,0.016130673270004833,0.7371134020618557,0.7674240693163685,0.8268148625429554,0.34761905670166016
69,cycSGLD,437.81017215519216,7.6520993384110625,2.8780079011358803,0.09768595335420303,0.7087628865979382,0.7503832247779814,0.8083548109965636,0.25675344467163086
69,SGHMC,463.5074493954219,33.34937657864077,4.9797203170412745,0.16902272103404634,0.654639175257732,0.6657437689616963,0.73884235395189,0.2585911750793457
69,AWSGLD,431.16833763974176,1.0102648229606643,0.3873396498679715,0.013147164382106941,0.7396907216494846,0.7701240219271958,0.8301439003436426,0.5047085285186768
70,SGLD,661.7906067883094,231.699492581311,7.124785102913729,0.24183096403149565,0.5283505154639175,0.5201430645722789,0.5844931271477662,0.2523963451385498
70,qSGLD,431.73875118802647,1.647636981028029,0.48348234295221165,0.016410460020825596,0.7551546391752577,0.782435741581193,0.8426546391752576,0.3390696048736572
70,cycSGLD,436.6018115365042,6.510697329505774,2.4229337142235225,0.08223972897869755,0.7242268041237113,0.7618222130858806,0.8269437285223367,0.25269269943237305
70,SGHMC,462.3620063006235,32.27089209362504,4.606222767860591,0.15634538816335708,0.6804123711340206,0.6885450874350518,0.7535491838487972,0.2571840286254883
70,AWSGLD,431.0949263369762,1.0038121299777458,0.3805941743050384,0.012918208022768066,0.7603092783505154,0.7873158687384226,0.8467192869415807,0.49919843673706055
71,SGLD,662.4006710585663,228.16858184410603,7.2844402476083925,0.24725001274614508,0.538659793814433,0.5289821481268963,0.5861307989690722,0.2516331672668457
71,qSGLD,435.8885160246366,1.6564268101762991,0.4860681083957536,0.016498226618826613,0.7731958762886598,0.7968715667302001,0.8489475945017182,0.3413717746734619
71,cycSGLD,441.55012459063994,7.318035376179637,2.8155100174611807,0.0955646369578952,0.7577319587628866,0.789858546400428,0.8342998281786942,0.2510719299316406
71,SGHMC,467.897007335955,33.66491812149468,4.915863155205763,0.16685526773069245,0.6623711340206185,0.6727039325451337,0.755761383161512,0.25554990768432617
71,AWSGLD,435.23303023886143,1.0009410244011292,0.38222642704226006,0.01297361029066579,0.7731958762886598,0.7972624993081028,0.8523732817869416,0.5019252300262451
72,SGLD,657.519261620685,224.61152491216723,7.06705703481912,0.23987154572521072,0.5257731958762887,0.5191594141236617,0.5808204467353952,0.2520105838775635
72,qSGLD,434.6238551588021,1.7161184502842843,0.4944723420412376,0.016783484896104643,0.7422680412371134,0.773694552961285,0.8411189862542956,0.336794376373291
72,cycSGLD,439.1163508157114,6.208614107193625,2.631564021774017,0.08932110303733269,0.7139175257731959,0.7543243704480306,0.817858676975945,0.24991846084594727
72,SGHMC,463.42138252612347,30.513645817605664,4.626612142928824,0.15703744864764227,0.6391752577319587,0.6536093421578019,0.7389819587628865,0.25357651710510254
72,AWSGLD,433.9116796278733,1.0039429193554952,0.384596921569511,0.013054070117660719,0.7525773195876289,0.7824970058480598,0.8447379725085911,0.49382567405700684
73,SGLD,653.9665103010185,226.03636754740813,7.144271636262666,0.2424923800710444,0.5231958762886598,0.5176018062606743,0.5806378865979381,0.2533872127532959
73,qSGLD,429.581722328192,1.6515795745816035,0.4816081374337322,0.016346845340413457,0.7654639175257731,0.7914960948801145,0.841602233676976,0.3440358638763428
73,cycSGLD,434.9483828016807,7.018240048070311,2.5477350734391413,0.08647576312928706,0.7422680412371134,0.7764033541785202,0.8336930841924398,0.2550771236419678
73,SGHMC,461.0054795380858,33.07533678447544,4.740882962561762,0.16091605299476863,0.6701030927835051,0.6803156015530979,0.7495811855670104,0.2548208236694336
73,AWSGLD,428.9409619290191,1.0108191754087557,0.3798993937350651,0.012894625633601225,0.7577319587628866,0.7860320869516151,0.8488187285223368,0.5025238990783691
74,SGLD,658.8435623699959,222.48371193489646,7.264315485891425,0.24656693382423794,0.5360824742268041,0.5266588279987849,0.5801814862542956,0.25520873069763184
74,qSGLD,438.005596652421,1.6457462173215731,0.4812164873356601,0.01633355186988603,0.7757731958762887,0.7982500488694028,0.8564594072164948,0.34404683113098145
74,cycSGLD,443.951853106563,7.592002671463604,3.0922333014197925,0.10495723723468176,0.7268041237113402,0.7636052157617801,0.8132087628865979,0.25561070442199707
74,SGHMC,467.7393866947729,31.3795362596735,5.029426102105063,0.17070984531166175,0.6726804123711341,0.6788472356240933,0.7375161082474228,0.2562253475189209
74,AWSGLD,437.37358462493137,1.0137341898319505,0.3876059811201046,0.013156204253839876,0.770618556701031,0.7950381774021613,0.8607227233676976,0.508326530456543
75,SGLD,655.6785636509849,223.41775222830177,7.111605083860923,0.24138360503505513,0.5257731958762887,0.5198899569144045,0.58058956185567,0.2550842761993408
75,qSGLD,433.85881812782145,1.5980067051383458,0.47739466506374445,0.016203830769386255,0.75,0.7764524073338103,0.8408881013745705,0.3452568054199219
75,cycSGLD,438.6143147908264,6.353503368143322,2.6285371252231,0.0892183634739131,0.7242268041237113,0.7578030513195911,0.8164841065292097,0.2547280788421631
75,SGHMC,462.33603582162016,30.075224398937053,4.684158436167782,0.15899069711330124,0.6649484536082474,0.6742551956374898,0.7431056701030928,0.25934362411499023
75,AWSGLD,433.26815904244245,1.0073476197593436,0.3829399513665493,0.01299782888430902,0.7628865979381443,0.7867621820369519,0.84375,0.5047273635864258
76,SGLD,658.8378744084894,223.23183303450782,7.236794320476796,0.24563280460246423,0.5231958762886598,0.5177416951915655,0.58034793814433,0.25185394287109375
76,qSGLD,437.40610402076555,1.8000626467839993,0.504127603279211,0.017111205816725834,0.75,0.7769383720573799,0.8286458333333333,0.34125781059265137
76,cycSGLD,443.753749818865,8.147708444883449,3.136452221575026,0.10645812518219315,0.7345360824742269,0.7719138591348129,0.8131228522336771,0.25237584114074707
76,SGHMC,468.0495384085943,32.44349703461273,5.126422803313647,0.17400212787490066,0.6572164948453608,0.66742626667095,0.7300311426116839,0.26085734367370605
76,AWSGLD,436.6078480681516,1.0018066941700567,0.38446187879215893,0.013049486467127992,0.75,0.7774996294996279,0.8330970790378008,0.49260473251342773
77,SGLD,657.6071461238238,222.12516215685076,7.340583881259724,0.2491556518431868,0.5309278350515464,0.5226086834404294,0.5806056701030927,0.25337862968444824
77,qSGLD,437.18636790054273,1.7043839335697157,0.4862427404903373,0.016504154018344496,0.770618556701031,0.7922188182117654,0.8441956615120275,0.34398388862609863
77,cycSGLD,443.50231797886613,8.020334011893112,3.1233805582930003,0.10601444402025961,0.7319587628865979,0.7661161466513636,0.8192278780068729,0.2532627582550049
77,SGHMC,467.8494527340211,32.36746876704808,5.104309587981384,0.17325155643949683,0.6572164948453608,0.6690669583539867,0.7300257731958762,0.2557799816131592
77,AWSGLD,436.48699678816934,1.005012821196317,0.3779430902369108,0.012828224366185683,0.7731958762886598,0.7946869825314452,0.8487220790378006,0.49950313568115234
78,SGLD,666.624474336268,232.17594573926914,7.481951727903681,0.25395398921661627,0.5283505154639175,0.5213103064232143,0.5841978092783505,0.2549877166748047
78,qSGLD,436.1062055144552,1.6576769174563424,0.4784025635957364,0.016238041074696074,0.7577319587628866,0.7844492924702121,0.8340045103092784,0.350355863571167
78,cycSGLD,442.0105148784568,7.561986281457905,2.874434171814803,0.09756465307715324,0.7474226804123711,0.7777296610833864,0.8327426975945017,0.25559282302856445
78,SGHMC,468.7945839809168,34.34605538391793,5.065555949710075,0.1719361722464991,0.6649484536082474,0.6714433601232997,0.7526954467353952,0.2595820426940918
78,AWSGLD,435.45125590761086,1.0027273106119878,0.3876293742442575,0.013156998268211382,0.7577319587628866,0.7858120587465404,0.8383537371134021,0.5103931427001953
79,SGLD,653.610442339451,222.53515000289394,6.991966751107943,0.23732281542149303,0.5257731958762887,0.5210394902258175,0.581786941580756,0.25251054763793945
79,qSGLD,432.7688301620621,1.693537825505075,0.49297735613033417,0.016732741767880404,0.75,0.7807913980843194,0.8325601374570446,0.33916497230529785
79,cycSGLD,437.37911462986426,6.303822293307235,2.6962423030433422,0.09151642695031144,0.7139175257731959,0.7566168346898909,0.8160062285223368,0.2552483081817627
79,SGHMC,460.9566682349458,29.881375898388796,4.728776152772806,0.16050512109432272,0.6649484536082474,0.6781154486506044,0.7300740979381444,0.2513694763183594
79,AWSGLD,432.0779375913518,1.0026452547947997,0.3938566275356927,0.013368365017521509,0.7577319587628866,0.7879051775236822,0.8401041666666667,0.4907982349395752
80,SGLD,656.8510161158945,224.12271405514895,7.125525854422147,0.24185610677598557,0.5257731958762887,0.5198791377047232,0.5819963487972509,0.246354341506958
80,qSGLD,434.4356596052842,1.7073575445386382,0.48952307886172497,0.01661549595767931,0.7603092783505154,0.7880267019656988,0.8553747852233677,0.33321690559387207
80,cycSGLD,439.7284019726758,7.000099911930249,2.721682324710448,0.09237991755050123,0.7448453608247423,0.7801532582762897,0.8296015893470791,0.24763274192810059
80,SGHMC,464.09727535016737,31.36897328942183,4.815728044003199,0.16345646059114605,0.6675257731958762,0.6784373413600502,0.7338004725085912,0.24996399879455566
80,AWSGLD,433.72975166343474,1.0014496026892061,0.3788740122521667,0.012859821918271206,0.7577319587628866,0.7864573118946416,0.860314647766323,0.4887361526489258
81,SGLD,664.2048063237853,227.69459584696585,7.295478836177726,0.2476246868558495,0.5309278350515464,0.5228240466645483,0.5819909793814433,0.24585795402526855
81,qSGLD,438.21209814122915,1.7018876644096963,0.4801761224364365,0.016298239584267637,0.7551546391752577,0.7824234262930229,0.8428371993127148,0.3349161148071289
81,cycSGLD,443.4988748589008,6.988664382081367,2.9382879974327567,0.09973199314190465,0.7422680412371134,0.7768094015138336,0.8223314003436426,0.24718856811523438
81,SGHMC,468.8234583465865,32.31324786976705,4.954613406184053,0.16817053695147355,0.6829896907216495,0.6876706626717108,0.7432774914089347,0.24827885627746582
81,AWSGLD,437.51506638737465,1.004855910555193,0.39388383840225827,0.013369288614514066,0.7551546391752577,0.7832979447047479,0.8483462199312715,0.4894249439239502
82,SGLD,659.482448355418,222.5477824790284,7.360843115329283,0.2498432950541487,0.5231958762886598,0.5168509140478169,0.5823936855670103,0.2503948211669922
82,qSGLD,438.5428396995096,1.608173823120012,0.4701303594139042,0.015957264169419345,0.7577319587628866,0.7818185193894803,0.8223045532646049,0.34033203125
82,cycSGLD,444.75572884633783,7.82106296994823,3.19314824493601,0.10838251360768149,0.7164948453608248,0.753529267598492,0.8054768041237114,0.2514512538909912
82,SGHMC,467.6910579871033,30.756392110713705,5.1541480059541485,0.17494318257138244,0.6391752577319587,0.6552949625273788,0.7192976804123712,0.253206729888916
82,AWSGLD,437.94456397611987,1.0098980997302647,0.3837098475335431,0.013023960862969275,0.75,0.7764350958484815,0.8284310567010309,0.49757885932922363
83,SGLD,655.4388391157325,223.3559992128889,7.103561226806493,0.24111057873630984,0.5283505154639175,0.5205404982815816,0.5848206615120275,0.24863123893737793
83,qSGLD,433.7410013733463,1.6581614705026482,0.48696644869449585,0.01652871827539382,0.7474226804123711,0.7771431928955034,0.8352072594501718,0.3376893997192383
83,cycSGLD,438.83509315992643,6.752253257082771,2.8644916556579822,0.0972271820892747,0.7061855670103093,0.746051783384313,0.797900558419244,0.24856781959533691
83,SGHMC,462.6969537305661,30.614113827722463,4.823962937314879,0.16373597108297067,0.6597938144329897,0.6625792188629474,0.7418975515463917,0.25067973136901855
83,AWSGLD,433.09562110005373,1.0127811972100744,0.3847831620662423,0.013060391532021385,0.7551546391752577,0.7838176247210481,0.8409310567010309,0.4947376251220703
84,SGLD,669.4316245183635,232.82956552570067,7.5285515490011266,0.25553569020786193,0.5257731958762887,0.5174353903715743,0.5845682989690721,0.24829816818237305
84,qSGLD,438.3195928544418,1.7175338617789748,0.5049898104786816,0.017140471035989445,0.7603092783505154,0.7842815717729308,0.8387027491408934,0.33873486518859863
84,cycSGLD,445.4701908568937,8.868131864230861,3.108644267181529,0.10551426170819544,0.7345360824742269,0.7672136380312403,0.8387242268041237,0.24671626091003418
84,SGHMC,473.37519270728876,36.77313371462594,5.263566616746581,0.17865709221900114,0.6778350515463918,0.6712677340360681,0.7597777061855671,0.25046610832214355
84,AWSGLD,437.6042032324255,1.0021442397626856,0.4000265726483136,0.013577786600496175,0.7628865979381443,0.7870063705543612,0.8393846649484535,0.4935901165008545
85,SGLD,666.7637081321357,231.26166276946395,7.433583643140388,0.2523122694457448,0.538659793814433,0.5287990350907505,0.5835803264604811,0.2495865821838379
85,qSGLD,437.21519958481684,1.7131542221451355,0.4897914264783363,0.016624604269282157,0.7603092783505154,0.7840041246853205,0.8468266752577319,0.3395369052886963
85,cycSGLD,443.26604034408905,7.763994981417341,2.98564147589229,0.10133927493085716,0.7139175257731959,0.7536873617997774,0.8264175257731958,0.24942469596862793
85,SGHMC,469.0100315209477,33.50798615827597,5.0928590840861165,0.17286290101261156,0.6520618556701031,0.666047681404122,0.7395511168384881,0.2521500587463379
85,AWSGLD,436.50948039785703,1.007435035185324,0.38974981709264594,0.013228970788195146,0.7680412371134021,0.791367880306894,0.8534417955326461,0.49597811698913574
86,SGLD,659.662651566807,225.0251871691463,7.377456705715241,0.25040719705554626,0.520618556701031,0.5147783505968974,0.5810835481099657,0.24739718437194824
86,qSGLD,436.3343035351071,1.6968391374464318,0.4829630163042639,0.016392832925817623,0.75,0.7775443126787146,0.8290861254295534,0.34023046493530273
86,cycSGLD,443.00451573516295,8.36705133750229,3.272264333858732,0.11106788864401192,0.7061855670103093,0.7443742745945279,0.8032162800687286,0.2499372959136963
86,SGHMC,466.0951046795965,31.457640281935824,5.1767389845786935,0.17570997034957866,0.6520618556701031,0.662719466390382,0.7287317439862543,0.25363683700561523
86,AWSGLD,435.6378119244815,1.0003475268208604,0.3801034443977461,0.012901551564384352,0.7474226804123711,0.77622886924069,0.83705970790378,0.4952836036682129
87,SGLD,654.4688649797105,224.24089636312186,7.0771945495300335,0.24021563539528668,0.5231958762886598,0.5165074458040712,0.5830863402061857,0.25098586082458496
87,qSGLD,431.90235050865493,1.6743818920663216,0.4950211003605155,0.01680211096713056,0.7474226804123711,0.775504588740848,0.8363240979381443,0.3408701419830322
87,cycSGLD,437.0759476141434,6.847978997554776,2.726914592158907,0.09255751227972528,0.7061855670103093,0.7478083298512409,0.8072164948453607,0.24979066848754883
87,SGHMC,460.72647842902563,30.49850981243702,4.69317068717009,0.15929659284440068,0.6623711340206185,0.6647613175404025,0.7341548539518901,0.2525761127471924
87,AWSGLD,431.2298653159563,1.0018966993677054,0.370197719756275,0.012565329361907277,0.7474226804123711,0.7759914206759317,0.8388262457044674,0.4914395809173584
88,SGLD,656.7737546764877,224.61905618124825,7.005577170881007,0.23778478317028132,0.5335051546391752,0.5248363609208196,0.583118556701031,0.24757909774780273
88,qSGLD,433.85474622234517,1.7000477271057548,0.49946155276964116,0.016952829742689936,0.7628865979381443,0.7907699745965974,0.8431164089347079,0.33649492263793945
88,cycSGLD,439.56604076836805,7.411342273128639,2.746870059767769,0.09323484498518143,0.729381443298969,0.7670153535109587,0.8228200171821306,0.2512056827545166
88,SGHMC,463.7608957750717,31.60619727983226,4.744986062250694,0.16105532127289343,0.6649484536082474,0.6743302470218507,0.736657001718213,0.2529137134552002
88,AWSGLD,433.1558412381417,1.0011427429022888,0.3816797028760077,0.012955053263292422,0.7654639175257731,0.7938857744253047,0.8465957903780068,0.49022674560546875
89,SGLD,660.1988777320832,225.59688137918675,7.3866578381039005,0.25071950383864083,0.5309278350515464,0.5231943934042965,0.5842246563573883,0.24798917770385742
89,qSGLD,436.3131651961192,1.7111688432227083,0.4771114366199398,0.016194217369597058,0.770618556701031,0.7918073509409768,0.8325118127147767,0.33376526832580566
89,cycSGLD,442.5597161679234,7.9577198150269055,3.0259704260399674,0.10270812869300117,0.7396907216494846,0.7750716409674981,0.8213487972508592,0.24776220321655273
89,SGHMC,468.5099915432819,33.90799519038541,5.185472758237496,0.17600641394374086,0.6778350515463918,0.6887737704520617,0.7404424398625431,0.25155067443847656
89,AWSGLD,435.60961925940126,1.0076229065047642,0.39274979059867,0.013330796523926325,0.7628865979381443,0.7860166211263991,0.8387188573883162,0.4917118549346924
90,SGLD,661.3852550149188,227.14866044194378,7.3756230287299696,0.25034495800318673,0.5283505154639175,0.5206862828446908,0.5834460910652921,0.2510848045349121
90,qSGLD,435.88156626854914,1.6449716955740996,0.48074983637018226,0.016317712704042055,0.7628865979381443,0.7883432152726468,0.8406786941580757,0.3411891460418701
90,cycSGLD,442.25349892283265,8.016904349857612,3.017572432872079,0.10242308223133459,0.729381443298969,0.7662427084170863,0.8238616838487972,0.2521035671234131
90,SGHMC,467.652361944658,33.41576737168299,5.105003531830857,0.17327511042851937,0.654639175257732,0.664748899290861,0.7428533075601376,0.2528960704803467
90,AWSGLD,435.2369208831437,1.0003263101686457,0.39283747079305914,0.013333772583643119,0.7654639175257731,0.7908093551275901,0.8457957474226805,0.49335813522338867
91,SGLD,662.3115972825989,231.43541674283966,7.167343714271727,0.24327549742638177,0.5231958762886598,0.5167622254194073,0.5857173539518901,0.24919462203979492
91,qSGLD,432.578619109365,1.7024385696057607,0.49291788787124396,0.01673072328364301,0.7731958762886598,0.7967904458931104,0.8482817869415809,0.3400859832763672
91,cycSGLD,438.0290379578064,7.1528574180471765,2.6266061459244554,0.08915282176583757,0.7345360824742269,0.7744634211766159,0.843664089347079,0.2508275508880615
91,SGHMC,464.31654525357703,33.440364713817814,4.798362252477808,0.16286702721945912,0.6726804123711341,0.687744566863917,0.755713058419244,0.25295114517211914
91,AWSGLD,431.8801397091146,1.0039591693553689,0.37585942429189984,0.012757500135640748,0.7680412371134021,0.7929782904544628,0.8515947164948454,0.493588924407959
92,SGLD,661.2901748057392,224.22218337101805,7.197209664808467,0.2442892138410794,0.5335051546391752,0.5253659760755554,0.583435352233677,0.25225281715393066
92,qSGLD,438.6501287801683,1.5821373454471654,0.46722825959372793,0.015858760483049655,0.7628865979381443,0.7885759679640917,0.837548324742268,0.3486027717590332
92,cycSGLD,443.40718775074384,6.339196316022708,2.8556214397621558,0.09692610734382337,0.7164948453608248,0.757641842687844,0.802416237113402,0.25391650199890137
92,SGHMC,467.4076353969593,30.339643962238142,4.889806744385819,0.16597085551940893,0.6597938144329897,0.6725591878017796,0.7371778350515463,0.25530385971069336
92,AWSGLD,438.0684422774033,1.0004508426821417,0.3834411373109856,0.013014840243718653,0.770618556701031,0.7955164758592974,0.841333762886598,0.5078840255737305
93,SGLD,664.7849454603954,228.47176235336292,7.5849757141148055,0.25745085116317734,0.5360824742268041,0.5264742391448763,0.5809385738831615,0.24994516372680664
93,qSGLD,438.01722414034367,1.7040410333111708,0.4830601015487369,0.01639612821373508,0.75,0.7731817401694705,0.829735824742268,0.33928990364074707
93,cycSGLD,444.752083061639,8.438899954606484,3.347707608779476,0.11362860025008065,0.7036082474226805,0.7422724844508433,0.8065667955326461,0.2500150203704834
93,SGHMC,470.1059043485627,33.79272124153022,5.357085800891843,0.1818313401620077,0.6572164948453608,0.662765634898017,0.7374516752577318,0.25067710876464844
93,AWSGLD,437.31518480351247,1.0020016964799652,0.38722697782668125,0.01314334004383273,0.7474226804123711,0.7714618262052207,0.8332205756013745,0.49738001823425293
94,SGLD,661.716316663629,226.10095652076325,7.35465980671319,0.24963341988431056,0.5283505154639175,0.5211578335186695,0.5815345790378007,0.2467036247253418
94,qSGLD,437.3302637529273,1.714903610061583,0.49459759562270467,0.01678773627967861,0.75,0.7763681632165623,0.834278350515464,0.3379044532775879
94,cycSGLD,443.62180201105264,8.006441868186926,3.012975945661092,0.10226706728950331,0.7216494845360825,0.7560388145995259,0.8173969072164948,0.2507803440093994
94,SGHMC,467.8780531274555,32.26269298458976,5.047434287206082,0.17132108294206497,0.6443298969072165,0.6573289567947177,0.7328232388316152,0.2529904842376709
94,AWSGLD,436.617851360596,1.0024912177302667,0.38155656125839144,0.01295087356444251,0.7474226804123711,0.7747482007937404,0.8413981958762887,0.49567246437072754
95,SGLD,658.6171885965907,222.3301146685131,7.349667149296337,0.24946395804949645,0.5283505154639175,0.5213451813508557,0.5822701890034365,0.25246763229370117
95,qSGLD,437.8740192604608,1.5869453323831522,0.48566689084649695,0.01648460840784599,0.7319587628865979,0.763436144923576,0.8226267182130584,0.3423309326171875
95,cycSGLD,443.37482454807036,7.0877506199927325,3.15398003882236,0.10705305806522947,0.7036082474226805,0.746559796896876,0.8047895189003437,0.25432324409484863
95,SGHMC,467.21530177588954,30.92822784781191,5.141269817068692,0.1745060683583691,0.6417525773195877,0.6463744775372375,0.7277759879725086,0.25426340103149414
95,AWSGLD,437.28817460955014,1.0011006814725079,0.38880303120716325,0.013196834781268556,0.7422680412371134,0.7720090928659311,0.828441795532646,0.4966440200805664
96,SGLD,656.2237885008035,221.95397227933114,7.26352814089468,0.24654020959370498,0.5154639175257731,0.510707134717177,0.5805090206185567,0.25049591064453125
96,qSGLD,435.8657923195936,1.5959760981212412,0.4648564598876974,0.01577825635540033,0.7603092783505154,0.7861039342284941,0.8432237972508592,0.3424539566040039
96,cycSGLD,441.6272368383491,7.357420616876766,2.8925388701982175,0.09817916658181601,0.7319587628865979,0.7648777882427756,0.8271692439862544,0.253542423248291
96,SGHMC,465.2975652060685,31.027748984596144,4.928018329159742,0.1672678412178646,0.6649484536082474,0.6764050764299223,0.7458762886597939,0.2539327144622803
96,AWSGLD,435.27392553757164,1.0041093160992887,0.3699263906281624,0.01255611985120997,0.7551546391752577,0.7822019481556565,0.8467515034364261,0.500269889831543
97,SGLD,656.1234345509304,219.41912142724874,7.290282904267058,0.24744832543514006,0.5360824742268041,0.5266547340837,0.5828286082474228,0.24942708015441895
97,qSGLD,438.3497835854915,1.6454704618098503,0.47765633327936635,0.01621271236734692,0.7577319587628866,0.7816486016272399,0.8358838058419245,0.3393223285675049
97,cycSGLD,444.5360099730824,7.831696849400771,3.1466264229561536,0.10680346007899479,0.7190721649484536,0.7541440584201416,0.8009450171821305,0.2507319450378418
97,SGHMC,468.39658360648093,31.6922704827993,5.144655771744407,0.17462099514866067,0.6417525773195877,0.6581212311352233,0.7204574742268042,0.254608154296875
97,AWSGLD,437.70751668253394,1.0032035588523058,0.3793928144347486,0.012877431211764722,0.7551546391752577,0.7803743369289798,0.841076030927835,0.4949948787689209
98,SGLD,661.0959796823703,225.2805897175379,7.419139038937448,0.25182198763246993,0.5180412371134021,0.5129002685811932,0.582544029209622,0.25312232971191406
98,qSGLD,437.41335385686125,1.5979638920288721,0.47056925303765207,0.015972161189695064,0.7628865979381443,0.7865242622270361,0.8449473797250858,0.3419487476348877
98,cycSGLD,444.1107045323385,8.295314567506125,3.087767704612532,0.10480566500263871,0.7396907216494846,0.7709084373674893,0.8289894759450172,0.25030994415283203
98,SGHMC,468.7226301531403,32.907240188307924,5.130061450226879,0.1741256315986041,0.6649484536082474,0.6712020323574557,0.7426600085910652,0.2537343502044678
98,AWSGLD,436.8207450187524,1.0053550539200273,0.3842229661558068,0.013041377243855458,0.7731958762886598,0.7953250434134718,0.847460266323024,0.5025832653045654
99,SGLD,661.5859511973065,227.14489435637063,7.108344761082641,0.2412729424692181,0.5360824742268041,0.5276069267300445,0.5837360395189003,0.24921727180480957
99,qSGLD,436.15261193276865,1.7115550918327926,0.4922374932519891,0.016707629185460465,0.7654639175257731,0.789940966096573,0.8462091924398625,0.34120917320251465
99,cycSGLD,441.07555448085634,6.6344976399204825,2.588133225076328,0.08784696574303553,0.7371134020618557,0.768561091944181,0.8223367697594501,0.25216174125671387
99,SGHMC,466.67255919218076,32.2315023512449,4.684556550618647,0.15900420999825945,0.6597938144329897,0.6750166643931103,0.7467729810996564,0.2538738250732422
99,AWSGLD,435.4422813512888,1.0012245103529267,0.39378289571841785,0.01336586239657311,0.7603092783505154,0.7869730479026525,0.8544780927835052,0.49741649627685547
