seed,method,minU,gap,pidist,pirms,spear,topk,ndcg,mse,auc,time
0,SGLD,1022.5075319189266,388.8499641437603,9.034396362621996,0.28569269790626006,0.13271628071628072,0.5969868173258004,0.5971678354533321,4.675058609400821,0.5772027674380318,0.29838085174560547
0,qSGLD,635.3021560587293,1.6445882835630528,0.3345886877467958,0.01058062332606746,0.902917910917911,0.8983050847457628,0.9172252131328302,2.1597184360117754,0.9664550532245954,0.598252534866333
0,cycSGLD,637.7607390273428,4.10317125217648,1.1712879257613398,0.03703937641260043,0.9032389112389113,0.9001883239171374,0.918668092179774,2.117177285023559,0.9661378338332551,0.3028385639190674
0,SGHMC,675.0338843069844,41.376316531818134,4.0571087142763655,0.12829704252030605,0.8527879207879209,0.8813559322033898,0.9007098966751435,2.931085042720784,0.9447636715534513,0.30102109909057617
0,AWSGLD,634.6698327134418,1.0122649382755071,0.2599927481144645,0.008221692591681555,0.904006552006552,0.8983050847457628,0.9172389711811523,2.1647815021848773,0.9665634699785978,0.7711765766143799
1,SGLD,1037.7861235916587,391.95745253250925,9.12862963199163,0.28867261553198226,0.2119005079005079,0.6252252252252253,0.6417695532374031,4.424139676509896,0.6139649762121672,0.30121874809265137
1,qSGLD,647.4708948966935,1.6422238375440656,0.3236369051132877,0.01023429755045783,0.8781586341586342,0.8846846846846846,0.9062959229066034,2.185179373974625,0.9645024800080979,0.6148583889007568
1,cycSGLD,650.8131259305214,4.984454871372009,1.413516190840489,0.044699306725811815,0.8782307662307662,0.8846846846846846,0.9062893653965565,2.0355302708539615,0.9645065290009109,0.302401065826416
1,SGHMC,685.8112713748603,39.9826003157109,4.04673600225724,0.12796902856537165,0.8442223722223723,0.8792792792792793,0.8996346289199761,2.6266665822859023,0.945196882275534,0.3042936325073242
1,AWSGLD,646.8447517140056,1.0160806548561823,0.2544623727074029,0.008046806765660603,0.8797062397062397,0.8864864864864865,0.907757497024599,2.193698566495871,0.9648911833181495,0.7994334697723389
2,SGLD,1000.0749507134869,366.43425477404946,8.573220556383367,0.27110903841147443,0.22940482940482942,0.6403669724770642,0.6569068961887705,4.236163067499189,0.6349793325940115,0.3011031150817871
2,qSGLD,635.2944670126312,1.6537710731937523,0.331966897574569,0.010497715041154642,0.889956097956098,0.8862385321100917,0.9074469671381276,2.011577468930495,0.9599596733541688,0.6287627220153809
2,cycSGLD,637.6495317904497,4.008835851012236,1.3101758673929031,0.04143139876348307,0.8904930144930144,0.8880733944954129,0.9088739961557314,1.9123427420547778,0.9602419598749874,0.30092906951904297
2,SGHMC,667.5890063127125,33.948310373275035,3.7874889422814575,0.1197709167031142,0.8607724287724289,0.8752293577981651,0.8977465585621424,2.5533836675430903,0.9468736767819337,0.3049337863922119
2,AWSGLD,634.6473740375823,1.0066780981447891,0.26635101171230424,0.00842275854101066,0.8905835785835785,0.8880733944954129,0.9089255973920422,2.022112924440717,0.9603145478374836,0.7917556762695312
3,SGLD,1038.1874335569248,394.61418303747143,9.220816638897137,0.29158782465693295,0.14430644430644432,0.6148409893992933,0.6235632624011181,4.578578512929191,0.584870788620931,0.3021512031555176
3,qSGLD,645.1998272102798,1.6265766908263686,0.33004575383331786,0.010436963141805334,0.8927117327117328,0.9028268551236749,0.9209091617290299,2.0172820831171063,0.9682385891778347,0.6042883396148682
3,cycSGLD,648.5614037583242,4.9881532388708365,1.3871485365749676,0.04386548828546279,0.8930658650658652,0.9045936395759717,0.922358381627339,1.9755136484038371,0.9685439090716647,0.3069288730621338
3,SGHMC,685.4985343356609,41.925283816207525,4.166356759132623,0.13175176903696623,0.8492611052611052,0.8904593639575972,0.9096841880881495,2.726697900264055,0.9520118545537445,0.30623555183410645
3,AWSGLD,644.5736539880485,1.0004034685950955,0.2682611884920046,0.008483163634584848,0.8916435516435517,0.9028268551236749,0.9208915543837239,2.0274227259611535,0.9669114653726532,0.7876410484313965
4,SGLD,1019.2221710955932,388.2812783121417,9.020130101602499,0.2852415591210991,0.13583657183657186,0.5583657587548638,0.57695918644201,4.5523336188701045,0.571235848905542,0.30019187927246094
4,qSGLD,632.5831326513472,1.6422398678956824,0.3404699802945482,0.010766606126434182,0.8849813129813131,0.8754863813229572,0.8993031527609087,1.9400923450551146,0.9649164945317129,0.6215615272521973
4,cycSGLD,635.5082625401266,4.567369756675021,1.2249123119144927,0.038735128396324016,0.8855203535203535,0.8754863813229572,0.8993447428363855,1.9830449365700227,0.9652207330547149,0.30135011672973633
4,SGHMC,674.8092041245332,43.86831134108161,4.167643828544988,0.13179246974546432,0.8429980229980231,0.867704280155642,0.8919573239538693,2.815546974369342,0.9420305519527309,0.3057725429534912
4,AWSGLD,631.9560357144819,1.0151429310303683,0.26523129871542506,0.008387350107052348,0.885904041904042,0.8793774319066148,0.9024300512973802,1.9417052744508783,0.9657491473315079,0.8017439842224121
5,SGLD,1023.2450364213687,382.99762286125656,8.898783431182535,0.2814042404710505,0.2318349758349759,0.6577540106951871,0.6564891276501401,4.291829835944856,0.6235448414196906,0.3010444641113281
5,qSGLD,641.8870148566449,1.63960129653276,0.3284012005132033,0.010384957799553795,0.8915338715338716,0.893048128342246,0.9128695734031933,1.899424727928872,0.9640164204012522,0.5990660190582275
5,cycSGLD,644.8593792942787,4.611965734166574,1.394882821030896,0.04411006783498649,0.8912495312495312,0.893048128342246,0.9128430294072956,1.7998819453167934,0.9641504147734886,0.2986268997192383
5,SGHMC,681.1101679472961,40.86275438718394,3.979985725327339,0.1258581994699169,0.865900573900574,0.8787878787878788,0.9008644181865557,2.5013921221931916,0.9503489944331429,0.3018629550933838
5,AWSGLD,641.2642861520671,1.016872591955007,0.2588896054034062,0.008186808156169985,0.8947723747723749,0.8912655971479501,0.9114750656272417,1.9072022863477718,0.9629201028102274,0.7452845573425293
6,SGLD,1038.155034919063,390.0111349002942,9.202578274237883,0.29101107692573336,0.1750921150921151,0.6108108108108108,0.6225488660559394,4.5598811041320335,0.5911327057394473,0.30654096603393555
6,qSGLD,649.7899529516792,1.646052932910493,0.33776509242779207,0.010681070061691144,0.8928473568473567,0.8846846846846846,0.9062399433840175,2.24163793226321,0.960538516044134,0.5858683586120605
6,cycSGLD,653.5198645271313,5.3759645083625855,1.4181354437113078,0.044845380327412414,0.8917705597705599,0.8810810810810811,0.9033339642774578,2.187298393983209,0.9601943516550258,0.3050220012664795
6,SGHMC,693.3242494587047,45.18034943993598,4.366396013529769,0.1380775656903346,0.8478172638172639,0.8756756756756757,0.8973962581953157,2.9094004459515874,0.939718594999494,0.30330729484558105
6,AWSGLD,649.1580756627407,1.014175643971953,0.2518656147912547,0.007964690070189594,0.8951902391902392,0.8828828828828829,0.904910517742173,2.234992391097116,0.9612551877720417,0.7792596817016602
7,SGLD,1062.463346751041,410.8856404494952,9.467302470917216,0.29938239105838416,0.17511485511485514,0.6197440585009141,0.6227708494148249,4.576014340833889,0.5928665690037168,0.2983589172363281
7,qSGLD,653.2013550030749,1.6236487015291914,0.31315811066408006,0.009902928974535574,0.8843450843450844,0.8793418647166362,0.9020603953148463,2.2189252252073977,0.9591793083687462,0.5415329933166504
7,cycSGLD,657.1738785228969,5.596172221351139,1.3654720791331825,0.043180018514265325,0.8831828591828592,0.8793418647166362,0.9020012111734983,2.1016282240912862,0.9585860664834478,0.29985952377319336
7,SGHMC,701.7053695825964,50.12766328105067,4.34210350497506,0.1373093691192145,0.8480958800958801,0.8720292504570384,0.8947134218390032,2.812684095567481,0.9435814860103878,0.3014225959777832
7,AWSGLD,652.5831837569649,1.005477455419168,0.24493821820132283,0.007745626555394912,0.8855322335322335,0.8775137111517367,0.9007478653426467,2.2073320339441143,0.961867057318466,0.7238330841064453
8,SGLD,1067.4859419126597,402.669199034833,9.500983775569338,0.30044748743105143,0.25857222657222656,0.6432432432432432,0.6420333096993386,4.089231232995279,0.6356594797044236,0.30623793601989746
8,qSGLD,666.4060531333719,1.5893102555452288,0.3073408171321709,0.00971897000074959,0.8891562131562131,0.8810810810810811,0.9033524356162991,2.44902072557836,0.9600121469784391,0.5182223320007324
8,cycSGLD,670.8427058209675,6.025962943140826,1.6509744326345919,0.052208395658295347,0.8886316926316927,0.8792792792792793,0.901966777709364,2.120681456937289,0.9608340925194857,0.30974626541137695
8,SGHMC,713.0599403328041,48.24319745497746,4.524985159765531,0.1430925948331998,0.8458437178437178,0.8648648648648649,0.8878704440585217,2.560300094770572,0.93598137463306,0.306591272354126
8,AWSGLD,665.8230459629087,1.006303085082095,0.24065623449475423,0.007610218341230043,0.8902018102018104,0.8810810810810811,0.903274075817066,2.443737066663024,0.959688227553396,0.7129976749420166
9,SGLD,1029.8105894602184,387.58408442128325,9.050043618357535,0.28618750757881434,0.0945027825027825,0.5701438848920863,0.5724732558130897,4.7406182757845645,0.5469043683971742,0.3116779327392578
9,qSGLD,643.8105323055266,1.5840272665915336,0.33412083043184504,0.01056582837871531,0.8953008553008553,0.8794964028776978,0.9022794412905341,2.1327839944637907,0.9640692851124506,0.5283362865447998
9,cycSGLD,646.7806026835133,4.554097644578178,1.336306613584137,0.04225772551272375,0.8935943935943937,0.8812949640287769,0.9036987243234059,2.1509069632599567,0.9639558623371574,0.30756425857543945
9,SGHMC,685.0863874002026,42.85988236126752,4.238947907740428,0.1340473027126505,0.8282055962055963,0.8651079136690647,0.88844202289547,3.0145967886041345,0.9310916131959297,0.3087601661682129
9,AWSGLD,643.2285975173248,1.0020924783897271,0.27179651448804104,0.008594960458771634,0.8949354429354428,0.8848920863309353,0.9066232189996352,2.1406134793741742,0.9636804070257308,0.7082173824310303
10,SGLD,1050.6562762047708,397.402010078432,9.217959657761815,0.29149747898073547,0.1758057918057918,0.6148148148148148,0.6252268336684329,4.459220344954316,0.599987922705314,0.3095083236694336
10,qSGLD,654.9088608340824,1.654594707743513,0.3351163428615461,0.010597309245883944,0.8931418011418012,0.8740740740740741,0.8977614681109528,2.1813027226247366,0.9578864734299517,0.5151176452636719
10,cycSGLD,658.6379429602472,5.383676833908339,1.4332191618212062,0.04532236937552451,0.8929983289983291,0.8740740740740741,0.897771098918036,2.0475667673516336,0.9573631239935588,0.3085904121398926
10,SGHMC,700.2459556212411,46.99168949490229,4.2309932576497715,0.1337957545898891,0.8561398121398122,0.8685185185185185,0.892128609370733,2.728156577877056,0.9433212560386474,0.30599355697631836
10,AWSGLD,654.2694947463946,1.0152286200557228,0.2632071130856018,0.00832333973708011,0.8910373590373591,0.8777777777777778,0.9007843288290734,2.1897182855431376,0.9586231884057972,0.7092957496643066
11,SGLD,1042.7586175269184,389.99979271270627,9.260689191175144,0.2928487054701594,0.18724696324696324,0.6422338568935427,0.6480219455167066,4.401117546941007,0.6130599866759854,0.31189441680908203
11,qSGLD,654.3495820259149,1.5907572117026803,0.31831350010697673,0.010065956703182976,0.8819689139689141,0.881326352530541,0.9034724773941089,2.1233426033065506,0.9595783725901313,0.5343914031982422
11,cycSGLD,658.3880322295574,5.629207415345263,1.5288230832807228,0.04834563082608371,0.8813385533385534,0.881326352530541,0.9034596099302333,1.9863104862837313,0.9581683158200195,0.3036806583404541
11,SGHMC,697.4253522445722,44.66652743036002,4.2937649430157885,0.13578076957312982,0.8297673257673257,0.8726003490401396,0.8931689403464356,2.627737356488515,0.9326401575993886,0.30594611167907715
11,AWSGLD,653.7667723740658,1.0079475598536192,0.2595922179196829,0.008209026714809747,0.8832485352485353,0.8778359511343804,0.9007761769955976,2.1383919166344296,0.9600034331817012,0.7281956672668457
12,SGLD,1041.4640476498591,389.9069802788687,8.997141587065983,0.28451459846150634,0.24648725448725453,0.6385321100917432,0.6417938478720168,4.475463465994809,0.6230386127633835,0.3114907741546631
12,qSGLD,653.1673958638156,1.610328492825147,0.3257048592540533,0.01029969200227379,0.8934605814605814,0.908256880733945,0.9256243225142693,2.3802233741743075,0.9731626171993144,0.5138828754425049
12,cycSGLD,656.4274315454596,4.8703641744691595,1.3440831963703663,0.04250364265289718,0.8933080613080615,0.9045871559633027,0.922697682324759,2.2102472178087806,0.9729569513055751,0.3053469657897949
12,SGHMC,692.791936651637,41.234869280646535,3.9833237396326227,0.12596375675058608,0.8634581154581156,0.8935779816513761,0.9127224374321634,2.757559073221606,0.9572940820647242,0.30711889266967773
12,AWSGLD,652.5598380639475,1.0027706929570286,0.25884426404315886,0.008185374336464067,0.891084519084519,0.9064220183486239,0.9241469603423682,2.3635011301549875,0.9728279060389152,0.714946985244751
13,SGLD,1053.9986718365221,393.2897538295996,9.345702961677883,0.2955370769428343,0.21925922725922725,0.6469534050179212,0.6502822500946464,4.248723550642906,0.618883699054477,0.31534528732299805
13,qSGLD,662.3151876244032,1.6062696174806206,0.32334186799192133,0.010224967657479659,0.8816598896598897,0.8655913978494624,0.8904763675859494,2.3352333174849353,0.9506844094130621,0.5321805477142334
13,cycSGLD,666.1107348069526,5.401816800030019,1.7232993877066969,0.05449551155526734,0.8835855195855197,0.8691756272401434,0.89333749147202,2.037004985835808,0.9511750109473068,0.30805253982543945
13,SGHMC,704.3812325467711,43.67231453984857,4.4627898428339074,0.14112580622020016,0.8475973875973877,0.8584229390681004,0.8838637107861833,2.559941789183101,0.93220373343713,0.3080275058746338
13,AWSGLD,661.7265795298879,1.0176615229653407,0.2504548968044207,0.007920079250443962,0.8819150939150939,0.8620071684587813,0.8876660903304139,2.3282145899272475,0.9512763749006633,0.7321715354919434
14,SGLD,1054.8965695662105,404.27140765922445,9.347416724123885,0.2955912708698125,0.13844806244806246,0.5919117647058824,0.6047267817845985,4.773998539816315,0.5805880740454076,0.30838704109191895
14,qSGLD,652.2500138958972,1.6248519889111321,0.3163099375095873,0.010002598490758241,0.8933765573765573,0.9136029411764706,0.9298892762629943,2.339983368093346,0.973704366615067,0.4926462173461914
14,cycSGLD,655.6477750664219,5.022613159435878,1.3164209618794853,0.04162888599128867,0.8950407670407671,0.9117647058823529,0.928434172194205,2.1955979379199015,0.9738817401960784,0.30438661575317383
14,SGHMC,697.3326503230546,46.7074884160686,4.175685891384506,0.1320467821020551,0.8639742599742601,0.8970588235294118,0.9158217897661666,2.939375433722141,0.9599014770381837,0.30539679527282715
14,AWSGLD,651.6299214550041,1.0047595480181144,0.24825693103305368,0.007850573469877878,0.8941168621168623,0.9099264705882353,0.9269258092358533,2.3232814171333147,0.9727005933952527,0.6847143173217773
15,SGLD,1050.902949238794,396.9044138861383,9.384709632157032,0.2967705761693719,0.14861656061656064,0.6307420494699647,0.625120006068377,4.363057669123583,0.581833873410301,0.3154447078704834
15,qSGLD,655.5814451903876,1.5829098377319042,0.316477605663349,0.010007900623327862,0.8957163437163439,0.8939929328621908,0.9132649240937271,2.2098070888180827,0.9603572649851003,0.5118389129638672
15,cycSGLD,659.4746999405902,5.476164587934477,1.4391019228666289,0.04550839861386499,0.894018702018702,0.892226148409894,0.9118781265818714,2.102062160003849,0.9604346126915373,0.3073999881744385
15,SGHMC,702.923644119002,48.925108766346284,4.4653806758019465,0.14120773555236077,0.8284151164151166,0.8674911660777385,0.8892392157823115,2.764532130770055,0.9311931087264497,0.3103194236755371
15,AWSGLD,655.0154274240837,1.0168920714279466,0.24820457088558323,0.007848917696631588,0.8968377328377328,0.8886925795053003,0.9090626668225383,2.208630272900012,0.9602839882105811,0.7124302387237549
16,SGLD,1017.5066239174337,369.4649894814638,8.551916890914654,0.27043535735756036,0.33182141582141583,0.6516007532956686,0.6629672414812462,3.999157837203563,0.6815358237063271,0.31447339057922363
16,qSGLD,649.6261611811543,1.584526745184462,0.32804616548018495,0.010373730606018884,0.8905446265446265,0.8870056497175142,0.9086952865353392,2.2585708666939888,0.9696192162673316,0.5289614200592041
16,cycSGLD,652.2919648479058,4.25033041193592,1.4205441177664666,0.044921549288964975,0.8900650820650822,0.8870056497175142,0.9087093847590385,2.0540493275913305,0.9695308766899964,0.3074524402618408
16,SGHMC,683.0550381950035,35.01340375903362,3.840027796421252,0.12143234115048535,0.8678222438222439,0.8888888888888888,0.9090449875453486,2.484586826877367,0.9547139203096704,0.31792306900024414
16,AWSGLD,649.0430585171608,1.0014240811909758,0.26107431521992985,0.008255894746637417,0.8875684915684916,0.8945386064030132,0.9147156509448232,2.2654612356768493,0.9697356638920008,0.7274196147918701
17,SGLD,1075.812728614443,414.6596802482727,9.55902015586499,0.3022827589199112,0.16967530967530967,0.631578947368421,0.6373081000295607,4.51042587394099,0.5885516115871072,0.3142869472503662
17,qSGLD,662.7432112769774,1.5901629108071802,0.30674342385934555,0.009700078766739688,0.8791314631314632,0.868421052631579,0.8929630687613661,2.293640444014714,0.9535087719298245,0.4988138675689697
17,cycSGLD,666.4610220933469,5.307973727176659,1.5425389103207523,0.0487793633604779,0.880943572943573,0.8719298245614036,0.8956843216371574,1.9989893005306554,0.9535618115055079,0.30719876289367676
17,SGHMC,708.8469700935007,47.69392172733046,4.249127377132559,0.13436920579916148,0.8440612600612601,0.8596491228070176,0.8840632384519577,2.608547533031078,0.9363361893104856,0.3086123466491699
17,AWSGLD,662.1605559990119,1.0075076328416799,0.24216546829088895,0.007657944504404921,0.8776522096522097,0.8736842105263158,0.8971039387141795,2.301188341908527,0.9544267645858834,0.7058262825012207
18,SGLD,1045.8228928931474,396.1601612758325,9.377109584052185,0.2965302415459902,0.17412504612504615,0.6097122302158273,0.6168456481173027,4.647835514360239,0.5853060794607559,0.3172276020050049
18,qSGLD,651.125270772143,1.462539154828164,0.3081499515756803,0.009744557078497418,0.8851067611067612,0.8848920863309353,0.9067226015378809,2.138033001616401,0.9659043035841597,0.5216002464294434
18,cycSGLD,654.4286020192451,4.765870401930215,1.3507502861330818,0.042714474543046915,0.8866741786741787,0.8830935251798561,0.905296126963339,2.064658369296111,0.9653088340138699,0.31159234046936035
18,SGHMC,697.2544706784594,47.591739061144494,4.340610319424887,0.13726215044613654,0.8474954594954595,0.8723021582733813,0.8952326188905949,2.8397979201778667,0.9453869336962861,0.31771230697631836
18,AWSGLD,650.6697091292446,1.0069775119296764,0.24993677613528967,0.007903694836271319,0.8832839232839234,0.8884892086330936,0.9096028217691333,2.1494472920963053,0.9657301186078164,0.7086279392242432
19,SGLD,1029.2276556090499,387.00109470319876,9.00534505183987,0.2847740147954108,0.16929555729555731,0.6022099447513812,0.6081235963913197,4.579752617567173,0.5894072560658632,0.3145320415496826
19,qSGLD,643.8743338876154,1.6477729817643194,0.33423858547378804,0.010569552120100393,0.8932595452595454,0.8784530386740331,0.9009998476393124,2.2532045464329395,0.9601976216094233,0.5239033699035645
19,cycSGLD,646.8014369296949,4.574876023843785,1.2311153242463468,0.038931284869551726,0.8916387756387756,0.8766114180478821,0.8993963778939656,2.2029558835395675,0.9587549516221978,0.3068068027496338
19,SGHMC,683.5503649446762,41.323804038825074,3.9982653726338255,0.12643625267304745,0.8316828996828997,0.860036832412523,0.8819312918204777,2.910887244157975,0.9301755785791717,0.3086116313934326
19,AWSGLD,643.2375132312437,1.0109523253926227,0.2578706647058941,0.008154586422122193,0.8912392352392352,0.8729281767955801,0.8966582904955177,2.2513165498104626,0.960387022417802,0.723912239074707
20,SGLD,1034.8383925793657,394.9260897923041,9.187062232319416,0.29052041659840333,0.19408083808083812,0.6402877697841727,0.6387077066534145,4.713232905590306,0.6038507032212068,0.3088080883026123
20,qSGLD,641.567965068575,1.6556622815132869,0.3295944410398743,0.010422691378160785,0.8837136077136076,0.9046762589928058,0.9228455059021818,2.0404336678211035,0.9712270723961371,0.5162515640258789
20,cycSGLD,645.4691631369323,5.55686034987059,1.3292345244032928,0.04203408641645073,0.8843243603243603,0.9028776978417267,0.9214699229390536,2.0874379865846295,0.9718022878994103,0.3044157028198242
20,SGHMC,686.7020069186866,46.789704131624944,4.253048189885824,0.13449319278495506,0.8444166644166644,0.8884892086330936,0.9086808951190308,2.944419715045893,0.9508595826041869,0.30886292457580566
20,AWSGLD,640.926634542428,1.0143317553663564,0.26054593588542996,0.00823918592498158,0.8840019200019199,0.9064748201438849,0.9242229552298784,2.035419490623036,0.9722964871346166,0.678757905960083
21,SGLD,1020.4391525118173,377.0750354885298,8.9426211944522,0.28279051226564456,0.19956288756288756,0.6333938294010889,0.6335294017071721,4.441712805235242,0.6214091406998412,0.31152820587158203
21,qSGLD,645.0167178460079,1.6526008227203874,0.3394829525642401,0.01073539356901898,0.8874777834777836,0.8856624319419237,0.906920140477858,2.1772270636655886,0.9619602342774222,0.5121195316314697
21,cycSGLD,647.9965028477086,4.632385824421135,1.4165604392487912,0.044795574313147596,0.8883054843054844,0.8856624319419237,0.9069588096472796,2.0161383658135072,0.9628494860528943,0.31476902961730957
21,SGHMC,681.6792702661937,38.31515324290626,4.008953888482217,0.1267742532219247,0.8492122412122411,0.8729582577132486,0.8946984127414065,2.664176549737686,0.9441064838580593,0.3100278377532959
21,AWSGLD,644.3677404489733,1.0036234256858734,0.26126423989928016,0.008261900692343659,0.8904291024291027,0.8802177858439202,0.9025246177368902,2.1662679922518344,0.9612245805358955,0.7080388069152832
22,SGLD,1049.6291528821562,387.09479227632494,9.202703350123794,0.29101503217253183,0.30384689184689184,0.6800699300699301,0.6976231226173092,4.115920394666384,0.6701032612247566,0.312255859375
22,qSGLD,664.1674725242976,1.6331119184663976,0.3077778196037039,0.009732789232281264,0.8835495435495436,0.8933566433566433,0.9133780916580931,2.2899796210423164,0.963870825436246,0.524918794631958
22,cycSGLD,668.4390456564768,5.904685050645526,1.6824987088192698,0.0532052808016132,0.8840587400587401,0.8986013986013986,0.9176435101081116,1.9838322424281853,0.9650921508398145,0.3045485019683838
22,SGHMC,708.2961944676142,45.761833861782975,4.396967646535437,0.13904432561122146,0.8673539313539315,0.8968531468531469,0.91575737409477,2.5045567228379357,0.9569881053525913,0.30878448486328125
22,AWSGLD,663.537244490135,1.002883884303742,0.2516489700440622,0.007957839161747199,0.8852002532002532,0.8968531468531469,0.9160974118538782,2.302993106858364,0.9638871642376315,0.7074673175811768
23,SGLD,1021.650530175641,373.9585823265363,8.889543215985913,0.2811120392101362,0.30769216369216373,0.6742957746478874,0.6852010178846499,3.9894253191715454,0.6498638823682839,0.30466222763061523
23,qSGLD,649.3418091435785,1.6498612944737943,0.3243755925634955,0.010257656898674224,0.8928371928371928,0.8785211267605634,0.9010107155961223,2.092706750211312,0.9582599765258216,0.4992845058441162
23,cycSGLD,652.5841457115107,4.892197862405965,1.485909214219983,0.046988575131662026,0.8935210135210137,0.8785211267605634,0.9010261310409615,1.9011653554091958,0.9582192227438706,0.303560733795166
23,SGHMC,685.7993711915462,38.10742334244151,4.06504618923916,0.12854804751783597,0.8616104856104857,0.875,0.8967392139481749,2.4034918692187452,0.9436904994783516,0.3060774803161621
23,AWSGLD,648.7069348139277,1.0149869648229242,0.25865039376312643,0.008179243619908896,0.8924784404784405,0.8820422535211268,0.9039190738022377,2.0971518542223078,0.9598901278038601,0.688838005065918
24,SGLD,1014.5034424702039,373.78636603986104,8.738681861244192,0.27634138429131144,0.2991807351807352,0.6577540106951871,0.6714546657059527,4.135290588913049,0.6502828093341292,0.3073723316192627
24,qSGLD,642.3584348310128,1.6413584006699011,0.32666949731707545,0.01033019653624222,0.8834064314064315,0.8966131907308378,0.915990684524856,2.0227201518380165,0.9671998018507465,0.5134773254394531
24,cycSGLD,645.1343869648451,4.417310534502235,1.3689171362358123,0.043288960785401835,0.8821625461625463,0.8966131907308378,0.9159860716427309,1.8714099133410114,0.96690745049314,0.30760622024536133
24,SGHMC,677.0267910407908,36.30971461044794,3.8584239017377433,0.1220140770792498,0.8691229611229611,0.8894830659536542,0.9096260474293959,2.4259084786588976,0.95920480430731,0.30851125717163086
24,AWSGLD,641.7193652812283,1.0022888508854066,0.25435829328001075,0.00804351548517935,0.883836631836632,0.8983957219251337,0.9174395998257459,2.0266041723031996,0.9675408784346209,0.6986973285675049
25,SGLD,1022.4674194723118,385.08161771458015,8.82748699702586,0.27914964926121727,0.16325951525951526,0.62152133580705,0.603159019699651,4.4652228501184945,0.5949396126030772,0.3067910671234131
25,qSGLD,639.0184938921443,1.6326921344126504,0.3508846878417119,0.011095948096570009,0.8993191193191193,0.87569573283859,0.8987193701873175,2.103042255492013,0.9575416836030409,0.5185246467590332
25,cycSGLD,641.548341875754,4.162540118022321,1.1652819132887178,0.03684944962191179,0.8988378708378709,0.8701298701298701,0.8942759983231863,2.027153990105105,0.9576020508775389,0.3059866428375244
25,SGHMC,677.4325742416993,40.04677248396763,3.7624430000882305,0.11897889446835906,0.8381734541734543,0.8571428571428571,0.8784960626103127,2.707928222642386,0.9311974050120936,0.3072330951690674
25,AWSGLD,638.3883677058519,1.0025659481202638,0.2739142482221553,0.008661929079547381,0.8997130437130437,0.8775510204081632,0.9001496830843957,2.1140503640392327,0.9579159607049288,0.7120792865753174
26,SGLD,1037.7152603814225,395.1696861504598,9.119313273533209,0.2883780064097104,0.17331763731763733,0.6121323529411765,0.6092019751051149,4.600620848708762,0.5975675632094943,0.30195140838623047
26,qSGLD,644.1864488178708,1.6408745869081258,0.3351680497465401,0.010598944361156876,0.8978925938925939,0.8805147058823529,0.9031221164064119,2.170067040678106,0.9641060371517027,0.49581050872802734
26,cycSGLD,647.0098747037539,4.464300472791251,1.3367373054354452,0.04227134518492183,0.8983227823227824,0.8841911764705882,0.9060647527197622,2.0633112269931417,0.9647913441692466,0.30195045471191406
26,SGHMC,684.4547403217618,41.909166090799204,4.107000264460447,0.12987475186608896,0.8491258171258171,0.8676470588235294,0.8919996206730183,2.78822670778382,0.9394390157378741,0.30358171463012695
26,AWSGLD,643.5567025745389,1.0111283435762743,0.26558498194659574,0.008398534552859422,0.8993254913254914,0.8841911764705882,0.9059665810961952,2.1623225841776046,0.9640496001031992,0.6779060363769531
27,SGLD,1011.420056779559,376.0861600102062,8.857978924134917,0.28011388866034187,0.17825003825003824,0.6091743119266055,0.6014575865570063,4.333200584070444,0.5905272708942434,0.3079814910888672
27,qSGLD,636.9251102436498,1.5912134742969783,0.33699646627341057,0.010656763968520928,0.8922830082830083,0.8623853211009175,0.8877919078325935,1.9941186389944667,0.9539953624357294,0.51572585105896
27,cycSGLD,639.3243580345865,3.990461265233648,1.215829892299277,0.0384479170698293,0.8935475215475217,0.8660550458715597,0.8906788417982546,1.9371591616596766,0.9538138925294889,0.30732035636901855
27,SGHMC,673.8269241653794,38.493027396026605,3.9192293477421716,0.12393691411441357,0.8435531915531915,0.8568807339449541,0.880454143121162,2.627790576318602,0.9297429176328259,0.310992956161499
27,AWSGLD,636.336947138524,1.0030503691712056,0.26345499416912277,0.008331178425208075,0.8938411978411979,0.8605504587155963,0.8864871261591286,1.9917640882535745,0.9555116443189837,0.7015366554260254
28,SGLD,1014.2801709192427,379.12481872613205,8.626201132825129,0.2727844313445207,0.23875677475677476,0.6183206106870229,0.6219329491079941,4.341422994720438,0.6253808775418565,0.30513691902160645
28,qSGLD,636.6494162604268,1.4940640673162306,0.3204859045782973,0.010134654164468045,0.8942180102180104,0.8797709923664122,0.9026233212783402,2.086745107232743,0.9653641991147603,0.5160911083221436
28,cycSGLD,638.5197644934547,3.3644123003440427,1.1368500748359993,0.03595035594614631,0.8947653187653187,0.8759541984732825,0.8995491009991552,1.9497459280253702,0.9650514786067098,0.30675172805786133
28,SGHMC,669.5582754562487,34.402923263138064,3.5752883763850325,0.11306054561302066,0.8721363561363562,0.8778625954198473,0.9003178915290153,2.5188107746681734,0.9547998588748476,0.30965209007263184
28,AWSGLD,636.1582839589391,1.0029317658285208,0.26396864301618395,0.008347421427950403,0.8949968349968351,0.8759541984732825,0.8994642305390405,2.089692791522965,0.9648550259798576,0.7124431133270264
29,SGLD,1064.1727608559072,408.8591088340081,9.410164849306895,0.2975755408146493,0.1522874842874843,0.6313043478260869,0.6234539797211366,4.390796761102158,0.5834271099744246,0.3040926456451416
29,qSGLD,656.968267080847,1.6546150589479112,0.3113796023676275,0.009846687603992614,0.8842303042303044,0.8765217391304347,0.8993526852493707,2.1510093022975902,0.9551959079283887,0.4944753646850586
29,cycSGLD,660.966625384721,5.652973362821967,1.467066588243654,0.046392718979823486,0.8870149070149072,0.88,0.9021373066086255,2.015353431595504,0.955654219948849,0.3054976463317871
29,SGHMC,703.3887027820094,48.075050760110344,4.3462083369417,0.137439175303483,0.85195403995404,0.8660869565217392,0.8893948604744351,2.6758090242251247,0.9384757033248082,0.30439186096191406
29,AWSGLD,656.3282960844367,1.0146440625376272,0.24718332948592495,0.007816623207993803,0.882907350907351,0.8747826086956522,0.8979392919282725,2.151135479482985,0.9537554987212276,0.6812450885772705
30,SGLD,1044.636450716537,399.8533503016015,9.237244258769552,0.2921073116102557,0.1963822003822004,0.6142322097378277,0.6160981864557906,4.418414995893894,0.6039245471058173,0.30724358558654785
30,qSGLD,646.4306146258936,1.647514210958093,0.3194158023022747,0.010100814559252429,0.8965237285237286,0.8670411985018727,0.8913011039969275,2.3069489126798355,0.9540475157126553,0.5100648403167725
30,cycSGLD,649.6634490751533,4.8803486602178054,1.288768292821958,0.04075443181524217,0.8965437085437086,0.8689138576779026,0.8927454434372929,2.1838243456666664,0.9540193856391956,0.3054239749908447
30,SGHMC,689.0226495812907,44.23954916635523,4.20463323868022,0.1329621775987988,0.8570654930654932,0.8632958801498127,0.8863161396760647,2.7738860186131835,0.9387407371686679,0.3132927417755127
30,AWSGLD,645.7997639082932,1.0166634933577825,0.25397694223680967,0.00803145610633338,0.8982281022281022,0.8689138576779026,0.8930406318897316,2.3145436052591783,0.9554419636398708,0.6857683658599854
31,SGLD,1029.5274518075867,383.9490690579306,8.99098800835867,0.2843200052167441,0.2411017571017571,0.62708719851577,0.6343781788802928,4.271001997316697,0.6201972802530596,0.31131505966186523
31,qSGLD,647.227898183465,1.649515433808915,0.3297625138086258,0.01042800630577984,0.8866231666231665,0.8608534322820037,0.8871719474452077,2.2281235857070034,0.9557628612478318,0.5171687602996826
31,cycSGLD,650.610871833226,5.032489083569999,1.4070856804456795,0.04449595613216196,0.8857892977892979,0.862708719851577,0.8885957858685578,2.0847595284440397,0.9555737104544046,0.3056468963623047
31,SGHMC,686.1883455378501,40.609962788194025,4.119306542338537,0.13026391054222605,0.8397968517968518,0.849721706864564,0.8740616954397952,2.6693429850148913,0.9275230502376458,0.30721521377563477
31,AWSGLD,646.5925671188209,1.0141843691648091,0.25533950116370624,0.00807454400288526,0.8838561198561198,0.8664192949907236,0.891573204120695,2.216759027407408,0.9548855235251269,0.7165999412536621
32,SGLD,1033.7255908993332,391.37185033833407,9.005334971096298,0.28477369601430885,0.17575581175581179,0.6213768115942029,0.6284557674064566,4.553501955292908,0.608881664078675,0.30826687812805176
32,qSGLD,643.9967623606102,1.6430217996111196,0.3350203418312726,0.010594273426750072,0.8849791529791531,0.8876811594202898,0.9089151461300953,2.140679557137282,0.9670475866977225,0.5027198791503906
32,cycSGLD,647.1919584530464,4.8382178920472825,1.3033338774932748,0.04121503604537614,0.8843763563763565,0.8876811594202898,0.9089276962135802,2.084846715702411,0.9672699922360248,0.30278491973876953
32,SGHMC,685.6924785916688,43.338738030669674,4.058263333361949,0.12833355478170952,0.8479297039297039,0.8822463768115942,0.9030874795987743,2.8436854348651184,0.9487658514492754,0.30690622329711914
32,AWSGLD,643.3585270301779,1.004786469178839,0.26025262718878084,0.008229910689592116,0.8857673977673979,0.8876811594202898,0.9088481878093047,2.147014911289817,0.967185073757764,0.6737532615661621
33,SGLD,1040.315153161018,392.31583739800124,9.181662282500422,0.290349655191617,0.24229038229038227,0.6578014184397163,0.6735321611589274,4.347728623045433,0.6365776888541871,0.3080482482910156
33,qSGLD,649.5870921562994,1.5877763932825246,0.3182222294057221,0.010063070470186921,0.8814454254454255,0.8953900709219859,0.9149933613955369,2.071829315858804,0.9659989264103065,0.5103697776794434
33,cycSGLD,653.1998673224209,5.200551559404062,1.4502792215723805,0.04586185583384726,0.8811037371037372,0.8953900709219859,0.9150446789049352,1.9583657666690908,0.9659623267616632,0.308185338973999
33,SGHMC,693.3043612020443,45.30504543902748,4.270888519165915,0.13505735353227982,0.8420014940014942,0.8794326241134752,0.9007152049427304,2.6619848648612368,0.9501024790162015,0.3100597858428955
33,AWSGLD,649.0058688756692,1.006553112652341,0.24806859940780113,0.007844617900965484,0.8820553500553501,0.8936170212765957,0.9135770153845908,2.0676921188783766,0.9664828550979245,0.696906566619873
34,SGLD,1032.630097717585,384.9084245471158,9.029124636928136,0.2855259913023378,0.2296879576879577,0.6185185185185185,0.6386992620891397,4.246917179564245,0.6380434782608696,0.3027608394622803
34,qSGLD,649.3090376204905,1.5873644500213686,0.3215638337167853,0.010168741276806895,0.8865397305397306,0.8648148148148148,0.8901063780385203,2.2053561429285793,0.9526690821256039,0.5128138065338135
34,cycSGLD,652.2701843859454,4.54851121547631,1.407632197227857,0.04451323851027383,0.887882951882952,0.8666666666666667,0.8916118347813147,2.004897071470809,0.9532850241545894,0.30504393577575684
34,SGHMC,688.2938848103508,40.57221163988174,4.100390205486907,0.12966572344784477,0.8554239394239396,0.8648148148148148,0.8885744636316945,2.567067987876398,0.9390096618357489,0.3080272674560547
34,AWSGLD,648.7252205909108,1.0035474204416914,0.25628385863938147,0.00810440720837067,0.8883868083868084,0.8648148148148148,0.8902656684977676,2.190278437883644,0.9548148148148148,0.707160234451294
35,SGLD,1040.4472777294147,398.16722876542985,9.113733590620368,0.2882015613434494,0.23371862971862972,0.6525573192239859,0.6534847077711916,4.432817029882317,0.6198215151255952,0.3137855529785156
35,qSGLD,643.8833179773188,1.603269013333943,0.3227827103916444,0.010207285541600969,0.8801785121785123,0.8871252204585538,0.9084473845761117,1.923626821634112,0.9657978664907071,0.5017404556274414
35,cycSGLD,647.1452428200691,4.865193856084261,1.36352758110321,0.04311852808746108,0.8806320526320527,0.8871252204585538,0.9085079405272575,1.8148259574316161,0.9660055964905849,0.30521631240844727
35,SGHMC,685.3759447165592,43.09589575257428,4.035521540652084,0.12761439615132364,0.8624198384198385,0.8783068783068783,0.9007109633113637,2.5389313270848892,0.9538757937526221,0.30867767333984375
35,AWSGLD,643.2803350510945,1.0002860871096573,0.25184938763263304,0.00796417692237762,0.8807164967164968,0.8853615520282186,0.9070275547511399,1.9253620337601773,0.9652357735498613,0.6861546039581299
36,SGLD,1047.6125432666008,398.4906243694395,9.224138120009345,0.29169285911213105,0.13474847074847077,0.5797373358348968,0.6013682070899545,4.719220825395379,0.5734941404759131,0.3045616149902344
36,qSGLD,650.7713191263683,1.6494002292070036,0.32008839845401177,0.010122083917101963,0.8868540588540588,0.8893058161350844,0.9104211605852732,2.3639151407004886,0.9640755129343419,0.5133507251739502
36,cycSGLD,654.133135185887,5.011216288725677,1.3430726885228212,0.04247168758898001,0.8865500865500866,0.8836772983114447,0.9058692856781445,2.26162665112128,0.9636697454110102,0.303570032119751
36,SGHMC,692.8130041156177,43.69108521845635,4.1611204504847015,0.13158618241837552,0.8414226734226736,0.8686679174484052,0.8920497287263213,2.9553571982326403,0.9443897618024113,0.3082590103149414
36,AWSGLD,650.136757875075,1.014838977913655,0.2595785393186994,0.008208594159466624,0.8887572367572368,0.8874296435272045,0.9089574271123639,2.369258948750147,0.9653370080068779,0.6958527565002441
37,SGLD,1039.4006551218718,390.33184609901207,8.918173972447304,0.282017423225652,0.24561448161448163,0.6445672191528545,0.6425100450125865,4.253522949106709,0.6330218294506168,0.3067312240600586
37,qSGLD,650.643006053218,1.5741970303582775,0.3258141268947398,0.010303147348465014,0.8931616851616854,0.8784530386740331,0.9014403509543317,2.165559132456782,0.9624059544390311,0.5149145126342773
37,cycSGLD,653.7643583350846,4.695549312224898,1.4097696257698364,0.044580829935558904,0.8924480684480685,0.8784530386740331,0.901445188188527,1.981770181528994,0.9628008752735231,0.3071436882019043
37,SGHMC,689.9720705688002,40.903261545940495,3.960800771749134,0.12525151796879963,0.8658858978858979,0.8766114180478821,0.8990840785946186,2.506192970683514,0.9490632719594118,0.3077976703643799
37,AWSGLD,650.07364006224,1.0048310393802922,0.26138545852514045,0.008265733961869201,0.8916132996132996,0.8784530386740331,0.9014190819529676,2.1751151433823126,0.9617168578808871,0.7096073627471924
38,SGLD,1049.4433311011405,395.67639590375734,9.287963636021948,0.29371119914648475,0.22085862485862487,0.6760070052539404,0.682022085289199,4.405656151364527,0.6336284847668385,0.30461692810058594
38,qSGLD,655.317793931238,1.5508587338548523,0.3116024393246761,0.009853734327303961,0.8827400827400828,0.8896672504378283,0.9104866530789992,2.2379380125694888,0.9649451540870105,0.5006735324859619
38,cycSGLD,659.2312953826696,5.464360185286409,1.3804834780862438,0.04365472062983673,0.8840955320955322,0.8861646234676007,0.907667880362222,2.1229821982305523,0.9644389469258121,0.3059070110321045
38,SGHMC,703.0077149155196,49.24077971813642,4.353140942968321,0.13765840355513034,0.8325755925755927,0.8809106830122592,0.9015981724864517,2.8255955642596344,0.9457541874354484,0.3067150115966797
38,AWSGLD,654.7783310568188,1.0113958594356518,0.2550174632529642,0.008064360269976593,0.882943650943651,0.8896672504378283,0.9104595433651493,2.219488813941418,0.9643736298727542,0.68528151512146
39,SGLD,1018.6509835362956,376.75106038853914,8.97721699287484,0.2838845274705207,0.3092241332241332,0.681260945709282,0.6877441368971586,4.008482510501829,0.6482186814936378,0.312819242477417
39,qSGLD,643.5384977321586,1.6385745844021358,0.32358529376765527,0.010232665456404786,0.8902641502641504,0.8686514886164624,0.8926605310174233,2.0287280248255035,0.9522654811621537,0.521552562713623
39,cycSGLD,646.9446749829385,5.044751835182069,1.430692472921407,0.04524246845690419,0.8893009333009332,0.8704028021015762,0.8940454493245827,1.883769120067872,0.9521838348458314,0.3067452907562256
39,SGHMC,681.6489822955801,39.74905914782369,4.138826809860696,0.1308811956012844,0.8601251121251122,0.8739054290718039,0.8951188947232775,2.4195334745119257,0.9392959638143525,0.30725646018981934
39,AWSGLD,642.9036926182101,1.0037694704536761,0.24846038738797604,0.00785700732473778,0.8904816144816146,0.8686514886164624,0.8926705162637681,2.029423161211938,0.952485926216224,0.7139649391174316
40,SGLD,1034.7850735994964,396.27043007336545,9.147219019185632,0.2892604635703804,0.19004669804669805,0.6395759717314488,0.6436381561192026,4.561564129797652,0.6017814398072007,0.30382394790649414
40,qSGLD,640.1542223935767,1.6395788674457208,0.34178070770016283,0.010808054966367636,0.887047019047019,0.892226148409894,0.9127266329315756,1.9186266048212641,0.9653197309928189,0.5088298320770264
40,cycSGLD,643.4233641318953,4.908720605764302,1.26638971268738,0.04004675897498354,0.8873139113139114,0.892226148409894,0.9127372407084258,1.8410166213603538,0.9654662845418573,0.3035459518432617
40,SGHMC,683.2092637039921,44.69462017786111,4.0091200813551815,0.12677950870201926,0.8587157587157588,0.8869257950530035,0.9071643143651122,2.6717592383664095,0.9519467196430607,0.30785512924194336
40,AWSGLD,639.5296106855271,1.0149671593961784,0.2551641100574857,0.008068997649115329,0.8894560694560694,0.8886925795053003,0.9099315260956351,1.896869739804816,0.9672452817899073,0.7058610916137695
41,SGLD,1034.7918956062504,384.3564403272459,8.922232100638032,0.2821457525068484,0.2361975801975802,0.6188679245283019,0.6224674321953164,4.230817957917771,0.6126816539542352,0.30406999588012695
41,qSGLD,652.0206478580906,1.5851925790860832,0.319071030699124,0.01008991192386739,0.8853757893757894,0.8716981132075472,0.8957317602689815,2.332345666740828,0.9564953833801686,0.49314284324645996
41,cycSGLD,655.0800073953637,4.64455211635925,1.384466269050549,0.043780667538752156,0.8876169956169957,0.869811320754717,0.8941879620251189,2.142899227014493,0.9563227619429947,0.3053395748138428
41,SGHMC,690.9600822233456,40.524626944341094,4.052196554990522,0.12814170640457798,0.8615329535329536,0.8660377358490566,0.889516238904456,2.647633171887112,0.9373825772782016,0.30815863609313965
41,AWSGLD,651.4464675521882,1.0110122731837237,0.25683014529959086,0.00812168230938695,0.8855808815808816,0.869811320754717,0.8943725013546631,2.3170815587172062,0.9578040947410678,0.6888246536254883
42,SGLD,1016.8831038502831,386.1612852409851,8.823549102750087,0.2790251221102535,0.2008956688956689,0.6069469835466179,0.6075875426263746,4.346701504101573,0.5948480776137954,0.3061807155609131
42,qSGLD,632.3058533460439,1.5840347367459344,0.33126856975832525,0.010475631976626822,0.8925851085851086,0.8884826325411335,0.9095295433455408,1.8662605052098318,0.965414401653006,0.5135128498077393
42,cycSGLD,634.8809820633123,4.159163454014333,1.2138589035692071,0.038385588933533867,0.8924330444330446,0.8884826325411335,0.9095271155428771,1.8518765532101464,0.9649139799266317,0.30649709701538086
42,SGHMC,671.7559212084903,41.03410259919235,3.9507251859051897,0.12493289996852548,0.866102522102522,0.8829981718464351,0.903842327677297,2.6424355488674727,0.9491063032959228,0.3082597255706787
42,AWSGLD,631.7245053071749,1.0026866978769249,0.26282133245826883,0.0083111402824847,0.8902351102351103,0.886654478976234,0.9080983194487008,1.8685491465635164,0.9654749365392609,0.6978027820587158
43,SGLD,1047.8912537804247,396.14671280250695,9.31497751280653,0.29456545293718905,0.20083000483000482,0.6313932980599647,0.6353985796067138,4.228534960805721,0.5923359849456847,0.3066380023956299
43,qSGLD,653.3639174798312,1.6193765019135071,0.31718133193200754,0.010030154401910388,0.8973205893205894,0.8712522045855379,0.8949058817492941,2.230361796139068,0.9545641539482956,0.517202615737915
43,cycSGLD,657.2867046372603,5.542163659342577,1.505784081015988,0.04761707360434032,0.8973951093951096,0.8694885361552028,0.8934271802840995,2.031539805551468,0.9532159455177162,0.3061864376068115
43,SGHMC,696.8298204742683,45.08527949635061,4.367231878873366,0.13810399807336424,0.854814098814099,0.8606701940035273,0.8845263189906215,2.614583744797876,0.9341332974897255,0.3087036609649658
43,AWSGLD,652.7458020312542,1.0012610533365205,0.2531837389566243,0.008006372816204357,0.8965158445158445,0.8747795414462081,0.8976404610981961,2.210114554520992,0.9545152763012655,0.7157108783721924
44,SGLD,1049.4777815188681,401.69455971042873,9.325653529814547,0.29490305823802937,0.19763701763701766,0.6229802513464991,0.6238244397134317,4.574664860497152,0.5951667875712763,0.30025196075439453
44,qSGLD,649.4361970819106,1.6529752734711565,0.3297223532971486,0.010426736318897187,0.8745298065298065,0.8886894075403949,0.9099002244534614,2.1283558453800704,0.9658238467118674,0.49488019943237305
44,cycSGLD,653.4278237610607,5.644601952621315,1.3800584562435698,0.04364128025905502,0.8773305733305734,0.8868940754039497,0.9084502990259721,2.070043654194572,0.965552317923737,0.30245041847229004
44,SGHMC,693.8599178932584,46.07669608481899,4.239014168155793,0.1340493980509631,0.824990972990973,0.8653500897666068,0.887235332972053,2.7891203206665587,0.9346669314410074,0.305133581161499
44,AWSGLD,648.7954093528577,1.0121875444183388,0.24666005781621778,0.007800075904880663,0.8752185712185714,0.8886894075403949,0.9098736639891171,2.1413816801459458,0.9658076360379492,0.6787121295928955
45,SGLD,1021.9101913318079,379.69725069923925,9.123049413015588,0.2884961535139144,0.2820741780741781,0.6425925925925926,0.6459800752790085,4.2704802348800674,0.6422020933977456,0.3051016330718994
45,qSGLD,643.8560469136725,1.643106281103769,0.31532515002760814,0.009971456776215477,0.8938927858927861,0.8851851851851852,0.9067381614495135,2.2741473205401848,0.9636433172302737,0.5125148296356201
45,cycSGLD,647.1458439932082,4.932903360639557,1.416373085357093,0.04478964966288496,0.8931699171699172,0.8870370370370371,0.9081742814462812,2.0888701042911517,0.9637278582930757,0.3078751564025879
45,SGHMC,683.1848118894536,40.971871256884924,4.252234242027862,0.1344674534936773,0.8687960807960808,0.8796296296296297,0.9007679311250718,2.63702958636515,0.9517914653784219,0.30988335609436035
45,AWSGLD,643.2302385785863,1.0172979460176066,0.24993359853971767,0.007903594351876413,0.8965557565557567,0.8870370370370371,0.908283570969915,2.2667401129179416,0.9633333333333334,0.700103759765625
46,SGLD,1038.4217392821909,396.8442379448097,9.179023156417328,0.2902661986970676,0.20141430941430943,0.6310160427807486,0.6319964419337606,4.582521386764982,0.6040709926546721,0.3012998104095459
46,qSGLD,643.2237896839252,1.646288346544111,0.3286833212740193,0.010393879241347773,0.886905778905779,0.9001782531194296,0.9190813203132481,2.038223553588372,0.9698269036336837,0.5092287063598633
46,cycSGLD,646.4595693892985,4.882068051917372,1.3519853178759345,0.042753529675947116,0.8890876210876213,0.9019607843137255,0.9204691245653709,1.9452690794442247,0.9699446562638308,0.30283522605895996
46,SGHMC,684.7816115839378,43.20411024655664,4.082248377236313,0.12909202846593013,0.8561525441525442,0.9001782531194296,0.9180147692476818,2.700084139849695,0.9574750587748042,0.3066084384918213
46,AWSGLD,642.5924801501408,1.0149788127596366,0.25452634699896787,0.008048829810391013,0.8880821040821042,0.9055258467023173,0.9233873916378752,2.0353578975262314,0.9702451284924821,0.7053055763244629
47,SGLD,1010.0846553533918,377.6603754625246,8.700580463565196,0.2751365123042966,0.2532001692001692,0.6189555125725339,0.6143746709737806,4.353560966037628,0.6343132661356528,0.30460524559020996
47,qSGLD,634.0728529651137,1.648573074246542,0.3378923941660693,0.010685095696121695,0.8950796590796593,0.8839458413926499,0.906240749565555,2.108500075307047,0.9655081273952689,0.4962587356567383
47,cycSGLD,636.3682627640407,3.943982873173468,1.1827411085332344,0.03740155785277432,0.8946314586314587,0.8839458413926499,0.9062462897834258,2.003981047760932,0.9660567616164286,0.3064436912536621
47,SGHMC,666.9794779233997,34.55519803253253,3.6305247352626324,0.11480727265009741,0.8543478023478024,0.8684719535783365,0.8901556988698794,2.6006292571364624,0.9430061150690199,0.305279016494751
47,AWSGLD,633.4405854059446,1.0163055150774198,0.26523585435110975,0.008387494168901884,0.8932412692412692,0.8839458413926499,0.9061798983778478,2.1044126902875195,0.9651557200123344,0.6802375316619873
48,SGLD,1028.167681089773,389.89342470075655,8.962355493008165,0.28341456558027084,0.2157194037194037,0.6362007168458781,0.635564474654529,4.301457951896644,0.612895116690183,0.3035297393798828
48,qSGLD,639.9004050559207,1.626148666904328,0.3319628243785703,0.010497586235387518,0.8925788445788446,0.8817204301075269,0.9040007361971141,1.9010275731220663,0.96135600642242,0.5072829723358154
48,cycSGLD,643.2234334663547,4.949177077338277,1.2917628063089561,0.04084912664627226,0.8933325413325414,0.8835125448028673,0.9054531810846591,1.8879267712114916,0.9619479719100211,0.30406975746154785
48,SGHMC,680.1063286656387,41.832072276622284,4.005774422286883,0.12667370967271702,0.8530401850401852,0.8691756272401434,0.8917911980686962,2.607170513519944,0.9396235748228158,0.3077690601348877
48,AWSGLD,639.2745595814324,1.0003031924160268,0.2552420653913145,0.008071462813221904,0.8884194844194845,0.8799283154121864,0.9025610963423816,1.8974495178399815,0.96081269563243,0.6921730041503906
49,SGLD,1056.2581356728904,393.5250388367285,9.496834584295717,0.300316278482328,0.20916400116400116,0.6236749116607774,0.6400917267350268,4.222438679043898,0.6058523717249353,0.312061071395874
49,qSGLD,664.3617968910512,1.6287000548893502,0.32127628940457287,0.010159648327258719,0.8911288111288113,0.8798586572438163,0.9018822776345011,2.412131112669507,0.9551831105176598,0.5279419422149658
49,cycSGLD,668.6934492627057,5.960352426543864,1.7290055416658503,0.05467595598717246,0.891950883950884,0.8869257950530035,0.9074940967437457,2.111690887591995,0.9560013678331244,0.30594825744628906
49,SGHMC,708.1846583755724,45.45156153941059,4.650754642766007,0.1470697750974331,0.8495125295125295,0.8745583038869258,0.8968795741481232,2.6096844125340586,0.9379589975737247,0.30707812309265137
49,AWSGLD,663.7387065075746,1.0056096714127989,0.255401243743519,0.008076496474693494,0.8912220152220153,0.8816254416961131,0.903225264441044,2.432199823837197,0.9546050381853414,0.7165892124176025
50,SGLD,1058.0609321022414,406.9639714401501,9.433720938016755,0.29832044974553074,0.11556261156261156,0.6157894736842106,0.6261182719511875,4.670184514630819,0.5529334965320277,0.30373239517211914
50,qSGLD,652.7522904886952,1.655329826603861,0.33767150213676633,0.010678110476825953,0.8835010635010636,0.875438596491228,0.898535118026412,2.1441325486011844,0.9560342717258262,0.49689149856567383
50,cycSGLD,656.1225001751193,5.025539513027979,1.427391108815128,0.04513807015729053,0.8844812004812005,0.8736842105263158,0.8971244364817775,1.9641342465557252,0.9561444308445531,0.30411624908447266
50,SGHMC,696.556435844096,45.45947518200467,4.1996648014779145,0.1328050618190908,0.8464304824304824,0.8526315789473684,0.8787387327969511,2.7247279512060625,0.9324887800897593,0.306873083114624
50,AWSGLD,652.1098699191758,1.012909257084516,0.2573794201772395,0.008139051906135753,0.88399975999976,0.8789473684210526,0.9013348370238526,2.143042229771469,0.9561036311709507,0.6839213371276855
51,SGLD,1053.385242658146,399.8122535464249,9.382661913294998,0.29670582161325476,0.18865353265353266,0.6327985739750446,0.6438951866387754,4.601361119866942,0.6015535226308374,0.31736135482788086
51,qSGLD,655.1032724758301,1.5302833641090956,0.3109143862422432,0.009831976178388087,0.8782535062535063,0.8894830659536542,0.9103507341828999,2.274157082566481,0.9638012173185696,0.5218935012817383
51,cycSGLD,658.8966997349206,5.323710623199645,1.4175944676794094,0.04482827316320882,0.8765046125046125,0.893048128342246,0.9132345471129473,2.1131841818875428,0.9638377612382704,0.3105471134185791
51,SGHMC,699.4575848413785,45.884595729657576,4.223080009639368,0.13354551571586235,0.8364720324720326,0.8823529411764706,0.9029338869112236,2.7656826442407794,0.9474945082609562,0.3101024627685547
51,AWSGLD,654.5749499700316,1.0019608583106674,0.2457649343052961,0.007771769614063873,0.8764195804195805,0.8877005347593583,0.9089137387494415,2.2660999191158586,0.9626399327591878,0.7230777740478516
52,SGLD,1065.889567674076,408.05151727618625,9.538090471264326,0.3016209041794407,0.19983988383988385,0.6267361111111112,0.6423170112719288,4.315150590325225,0.5897823309748428,0.3077235221862793
52,qSGLD,659.4720696088783,1.6340192109885265,0.3111287539696219,0.009838755081141593,0.8778907098907099,0.8767361111111112,0.8995534952765325,2.1738753740287446,0.9572318854821803,0.5099027156829834
52,cycSGLD,664.1159615845721,6.277911186682331,1.5696667126532418,0.049637219793332854,0.8778030498030498,0.8784722222222222,0.9008609949483073,1.9646822834097761,0.9563106001048218,0.30199456214904785
52,SGHMC,708.1538500052266,50.31579960733677,4.498701890401817,0.14226144487774922,0.8481745521745523,0.8715277777777778,0.893976259513486,2.5737648603377346,0.9416437368972747,0.30921459197998047
52,AWSGLD,658.8475307276187,1.0094803297289445,0.2474661004992806,0.007825565212578583,0.8798352278352279,0.8784722222222222,0.9009358458727913,2.1502621329601896,0.9572359800838575,0.698232889175415
53,SGLD,1049.543174954886,404.3394410574923,9.475835826083841,0.2996522394424811,0.20350148350148353,0.643979057591623,0.6480669551999527,4.41441414402562,0.601407604497468,0.3079259395599365
53,qSGLD,646.8478211062588,1.644087208865244,0.31452729956543496,0.009946226529288628,0.8845955005955007,0.8865619546247818,0.9072029987727472,2.0118992206989543,0.9585606794430072,0.4976320266723633
53,cycSGLD,650.0873629076167,4.883629010223103,1.3980109819510154,0.04420898896893756,0.8869433749433749,0.881326352530541,0.9031091851917638,1.8596085967086242,0.9593494938100552,0.3050343990325928
53,SGHMC,691.5150061498682,46.31127225247462,4.37552386159277,0.13836621359048495,0.848934812934813,0.8726003490401396,0.8942404704880762,2.645542949126798,0.9397599225081844,0.3079264163970947
53,AWSGLD,646.2166700926307,1.0129361952371028,0.2386743889117945,0.007547546881101072,0.8840907800907802,0.8865619546247818,0.9071455306825627,2.0213515956257724,0.9580089180981808,0.6897110939025879
54,SGLD,1009.9543316460707,373.85218803465864,8.591755622864914,0.27169516867811777,0.2390704670704671,0.6254612546125461,0.6166321953627752,4.281474058356977,0.6222344865370051,0.3092215061187744
54,qSGLD,637.7574226448793,1.6552790334671954,0.34070971401620714,0.01077418717235809,0.8886667446667448,0.8800738007380073,0.9029008144780583,1.9904290957306663,0.9621650364975265,0.5173776149749756
54,cycSGLD,640.6356135342858,4.533469922873678,1.3416256745320128,0.04242592898880917,0.8883423603423604,0.8800738007380073,0.9028919183609964,1.9592458202493779,0.9622456049888009,0.30640435218811035
54,SGHMC,673.5683891212798,37.46624550986769,3.828291621209127,0.12106121070359409,0.8586024186024187,0.8708487084870848,0.8946028217149549,2.618274699200215,0.9463011005655909,0.30927371978759766
54,AWSGLD,637.1166652281119,1.014521616699767,0.2616492471446706,0.00827407569045467,0.8907082707082707,0.8782287822878229,0.9015571810492344,2.002447347620749,0.9622375481396734,0.6993546485900879
55,SGLD,1051.230248284998,396.10744488544196,9.18977433441352,0.29060618079704614,0.24371269571269574,0.6139359698681732,0.6263227200650551,4.3301060896769545,0.6164456169515619,0.3112363815307617
55,qSGLD,656.7448019922309,1.6219985926749132,0.3170555125224931,0.010026175642831156,0.8855349455349456,0.8813559322033898,0.9039424034925515,2.4145927275994032,0.9659691855492513,0.5225682258605957
55,cycSGLD,660.5988142675607,5.476010868004664,1.493070598876183,0.04721503799880377,0.8865913785913786,0.8832391713747646,0.9054876957837774,2.180637400634061,0.9666196860732656,0.30944299697875977
55,SGHMC,699.6907860846296,44.567982685073616,4.2886272821671465,0.13561830247185805,0.8513639153639154,0.8775894538606404,0.8990870648810892,2.7102258601485842,0.9492328510795498,0.3127560615539551
55,AWSGLD,656.1317532564171,1.0089498568611361,0.24823774555148628,0.007849966771680275,0.8871143151143152,0.8870056497175142,0.908375192028679,2.4222115918370455,0.9656198426752436,0.719998836517334
56,SGLD,1046.6633521025801,391.79163958219317,9.267851993621008,0.2930752131717469,0.1976853296853297,0.6449912126537786,0.6493379249040873,4.384463747593069,0.6058824248997916,0.3062598705291748
56,qSGLD,656.5221076542998,1.6503951339128662,0.3249411190664298,0.010275540416938844,0.8866913746913748,0.8699472759226714,0.8937697267120304,2.2749809404247903,0.9523607582806976,0.49988293647766113
56,cycSGLD,660.7584137137942,5.886701193407248,1.4618007854566064,0.046226199674660164,0.8871933711933714,0.8699472759226714,0.8937284551239157,2.1386307088601715,0.9518551290781645,0.30299949645996094
56,SGHMC,702.9697562123364,48.09804369194944,4.357790831280336,0.137805445934444,0.8022059502059502,0.8471001757469244,0.8695297922656539,2.806948418872812,0.9162205032641627,0.30568766593933105
56,AWSGLD,655.8860363875814,1.0143238671944346,0.2530802323898544,0.008003099651166584,0.8856623976623977,0.8646748681898067,0.8895013077546645,2.2824824112475786,0.952580951643091,0.685988187789917
57,SGLD,1025.7189974850614,386.824767636483,8.970603030619365,0.2836753756196638,0.2327705447705448,0.6360360360360361,0.6354354489557731,4.431861358005126,0.62831055774876,0.30978989601135254
57,qSGLD,640.5468220455813,1.652592197002832,0.3335090867049099,0.010546483343500956,0.8922899922899924,0.8774774774774775,0.9005955613700471,2.062753311864045,0.96214596619091,0.5142943859100342
57,cycSGLD,643.4680372884043,4.573807439825828,1.318297638814743,0.04168823172676584,0.8905711585711585,0.8774774774774775,0.9005783243163008,1.9842106384830307,0.9617734588521104,0.3081998825073242
57,SGHMC,679.7369262591302,40.84269641055175,4.076963230724553,0.12892489745848157,0.8624808944808945,0.8738738738738738,0.89642592686616,2.7017130989429132,0.9452657151533557,0.31111931800842285
57,AWSGLD,639.90845959218,1.0142297436015042,0.25906493645521084,0.00819235261085254,0.8916071796071797,0.8846846846846846,0.9062994037870513,2.0504611413234666,0.9622876809393662,0.7000014781951904
58,SGLD,1026.6162636315396,379.4675174573051,8.788877157882101,0.27792869894334726,0.2839435879435879,0.6618444846292948,0.6539338978072979,4.08848681392853,0.6485915749359806,0.3077428340911865
58,qSGLD,648.8047446756584,1.6559985014239373,0.3224763477248305,0.010197597503429218,0.8905381465381466,0.8770343580470162,0.8999281049113012,2.0927589840284075,0.9553341343333697,0.5067603588104248
58,cycSGLD,651.9599125847657,4.8111664105312,1.463656587084804,0.046284885274965694,0.8931715851715852,0.8770343580470162,0.8999520159886302,1.8683464695964616,0.9558640889029132,0.301480770111084
58,SGHMC,686.5840977171913,39.43535154295682,3.94782464442684,0.12484117679333173,0.8673798513798515,0.8734177215189873,0.8958069071988162,2.398743468158046,0.9443628611074029,0.30669665336608887
58,AWSGLD,648.1611069516363,1.0123607774017955,0.2485603316744137,0.007860167840580412,0.889918453918454,0.8788426763110307,0.9013807859956029,2.082396278574236,0.9554352707016033,0.7072761058807373
59,SGLD,1041.1603219652152,383.88833402473165,9.11071720506266,0.28810617485681345,0.2533795933795934,0.6899488926746167,0.694940472172982,4.374498242061296,0.655782470063647,0.3080403804779053
59,qSGLD,658.8172599811693,1.5452720406857452,0.3132051310804657,0.009904415890658658,0.8757567117567119,0.8943781942078365,0.9139169624471953,2.296259856798092,0.9640475021758769,0.5033853054046631
59,cycSGLD,662.6508011218315,5.378813181347937,1.5175046533879053,0.047987710646101335,0.8768395448395448,0.8926746166950597,0.91257777891968,2.0947709334085713,0.9640351275208203,0.30567073822021484
59,SGHMC,701.6251071376367,44.353119197153205,4.209521170024233,0.1331167475597349,0.8312393312393312,0.8807495741056218,0.9016606695044654,2.694709429642909,0.9451967776398232,0.308229923248291
59,AWSGLD,658.273226451777,1.0012385112934226,0.25004886392262493,0.00790723936333,0.8751508551508551,0.889267461669506,0.9098492861669584,2.288051982174959,0.9633008979874687,0.6900298595428467
60,SGLD,1033.2557294864914,398.74871845656946,9.075261557769185,0.2869849688431838,0.18410378810378814,0.6247787610619469,0.6223194159951161,4.647580985617947,0.5983480825958702,0.30745887756347656
60,qSGLD,636.0907571173497,1.5837460874276985,0.3218508564413883,0.010177817732306622,0.875867615867616,0.8884955752212389,0.9092937322404964,1.893534131180951,0.9640565557929,0.5168313980102539
60,cycSGLD,638.7039303967115,4.19691936678953,1.1464462765242427,0.036253814488358335,0.8765433005433005,0.8902654867256637,0.9106917676177823,1.8839919793850166,0.9643291628522022,0.30788159370422363
60,SGHMC,678.6138905246457,44.106879494723785,3.9505611079087446,0.12492771136669865,0.8470684510684512,0.8761061946902655,0.8982614974473929,2.7731751133397085,0.9497914759434443,0.31085705757141113
60,AWSGLD,635.5075263996182,1.0005153696962452,0.2549220461047778,0.008061342914815526,0.8762694002694003,0.8867256637168142,0.9078464928469586,1.8923614237699307,0.9636985047299359,0.7075393199920654
61,SGLD,1032.2078307201941,392.7959754067268,9.091706625378194,0.2875050075423831,0.20805726405726407,0.6115241635687733,0.6208735404135293,4.398487254787926,0.6036345934115451,0.3076343536376953
61,qSGLD,641.0553365895363,1.6434812760689965,0.33008397768175624,0.010438171886025357,0.8865504825504825,0.8643122676579925,0.8896550158176688,2.031776016710337,0.9541431307230563,0.522817850112915
61,cycSGLD,644.0077562327161,4.595900919248834,1.3393646901810763,0.0423544303857796,0.8881293721293723,0.8643122676579925,0.8896625468250932,1.9034053758836467,0.953998294146993,0.30747294425964355
61,SGHMC,681.0493493845229,41.637494071055585,4.075665840947253,0.12888387039138868,0.8572078852078852,0.8587360594795539,0.8841938146598024,2.602722853856895,0.9399974251275367,0.3075566291809082
61,AWSGLD,640.4207018433118,1.0088465298445044,0.2581857384494724,0.00816454992872843,0.8877790917790919,0.862453531598513,0.8882495742988012,2.0228037901661184,0.9558087513477848,0.7160170078277588
62,SGLD,1023.1801201371613,386.2437894987804,8.995786893253822,0.28447175928172075,0.20389111189111192,0.6074074074074074,0.6160780383267866,4.356919763468376,0.6154186795491143,0.3070719242095947
62,qSGLD,638.5787547627879,1.6424241244069435,0.3391352180201986,0.010724397237216066,0.8965415845415845,0.8870370370370371,0.9085832638609758,1.9815749510567913,0.965450885668277,0.4940469264984131
62,cycSGLD,641.515264917429,4.578934279048099,1.2990246345207896,0.04107876581753486,0.8986682746682747,0.8851851851851852,0.9071375566708423,1.8966555246037995,0.9656119162640902,0.3041675090789795
62,SGHMC,679.2037556101601,42.26742497177918,4.051163709933464,0.12810904497607445,0.8674131034131035,0.8796296296296297,0.9012754880937818,2.6343236911072108,0.9493679549114331,0.3046741485595703
62,AWSGLD,637.9500890425987,1.0137584042178105,0.2716160605318084,0.0085892540036268,0.8952290112290112,0.8833333333333333,0.905604808217398,1.9775960769118661,0.9639170692431562,0.6845855712890625
63,SGLD,1043.8760624835636,398.8050487911664,9.245406399221494,0.29236542115435915,0.15669621669621672,0.5795454545454546,0.5834813493851762,4.556745890517734,0.5782172894196199,0.30646657943725586
63,qSGLD,646.7160068015162,1.6449931091190138,0.32234059291086614,0.010193304559274616,0.8924543804543805,0.884469696969697,0.9062175211869687,2.244322437600539,0.9633410374935798,0.5182192325592041
63,cycSGLD,649.7198815453518,4.648867852954595,1.3067845081836462,0.04132415456883266,0.8921977721977722,0.8806818181818182,0.9032181431477858,2.0918888578993537,0.9632968990755008,0.3092331886291504
63,SGHMC,689.0526347109837,43.981621018586566,4.078194287467744,0.12896382689085548,0.8569621369621371,0.8693181818181818,0.8920388374759318,2.762371000549853,0.9463036081150488,0.3115358352661133
63,AWSGLD,646.0835466585223,1.0125329661251499,0.2518367966784486,0.007963778761446242,0.8922834042834044,0.8806818181818182,0.9032084532555682,2.246494402067353,0.9630681818181819,0.7062768936157227
64,SGLD,1034.9973383395118,382.7146497405712,9.085895057651722,0.28732122963446327,0.20992445392445394,0.6340579710144928,0.6344801667662607,4.19383364587261,0.6187402950310559,0.30713653564453125
64,qSGLD,653.8796905279916,1.5970019290509754,0.32919303454519444,0.010409997790253058,0.8904886224886227,0.8641304347826086,0.8894144494436576,2.2294311396788937,0.9519967973602484,0.5143048763275146
64,cycSGLD,657.3534470671583,5.0707584682177185,1.5248600298528725,0.04822030807287427,0.8913756993756995,0.8659420289855072,0.8908291798277016,2.0645901774799986,0.9524780020703932,0.3084244728088379
64,SGHMC,695.0494697009217,42.76678110198111,4.329625730956315,0.13691478725893347,0.8501866421866423,0.8623188405797102,0.8867451165192696,2.6246676125859705,0.9334441317287785,0.3115081787109375
64,AWSGLD,653.2937038715776,1.011015272636996,0.2666208091899582,0.00843129028637421,0.8882750282750285,0.8677536231884058,0.8922304136746827,2.222718248574586,0.9516045548654244,0.7138714790344238
65,SGLD,1027.6294815500519,381.8286754641964,8.886802529527783,0.2810253710945355,0.27024010224010225,0.6684684684684684,0.6798641089161755,4.216925340591451,0.6496932887944123,0.31076717376708984
65,qSGLD,647.3921773376211,1.5913712517656222,0.32269817623862485,0.010204612336964819,0.8823840423840424,0.8810810810810811,0.9030034247107066,2.1501727687291843,0.9559833991294664,0.5048754215240479
65,cycSGLD,650.4273405550668,4.626534469211379,1.4286043720162578,0.045176436908458885,0.8824219864219865,0.8828828828828829,0.904449026456005,1.9641764633839889,0.9561858487701185,0.3070380687713623
65,SGHMC,684.4987939523726,38.69798786651711,3.96862038841907,0.1254987959598638,0.854903306903307,0.8774774774774775,0.8986209619380169,2.4995502104752187,0.944994432634882,0.3068244457244873
65,AWSGLD,646.8010161608353,1.0002100749798046,0.25826973420117816,0.00816720610762011,0.882909942909943,0.8846846846846846,0.9059239082397187,2.1411063919886684,0.9569956473327259,0.6878607273101807
66,SGLD,1043.5531792567513,399.9550003959828,9.203590747349786,0.2910430941367662,0.22401891201891205,0.6422182468694096,0.6536198582792739,4.507743205839646,0.612200276652104,0.30732178688049316
66,qSGLD,645.2263614701204,1.6281826093519385,0.3179333876668834,0.010053936492406382,0.8935358215358217,0.8819320214669052,0.9041449277984795,2.0998847091531574,0.9615729416393868,0.5088248252868652
66,cycSGLD,648.7193800599266,5.121201199158122,1.3605382513541033,0.04302399718061633,0.8948040188040189,0.8819320214669052,0.9041296583093154,2.023999626137516,0.962193583456042,0.30615711212158203
66,SGHMC,690.2456538031332,46.64747494236474,4.265108926189422,0.13487458675473554,0.8560999120999121,0.8747763864042933,0.8970399949610438,2.8102175496546318,0.943367448350837,0.31079936027526855
66,AWSGLD,644.5988883922053,1.0007095314367689,0.2500186274365891,0.007906283201686869,0.8910939630939632,0.8819320214669052,0.9041601868247643,2.0997505803507996,0.9614715295778419,0.6920764446258545
67,SGLD,1033.2485148723936,390.5496510058854,9.061858577526253,0.2865611293931648,0.2186601266601267,0.6194852941176471,0.6122584582247458,4.456432929065364,0.6086655056759546,0.3083178997039795
67,qSGLD,644.2823955894221,1.5835317229139036,0.32037970482386663,0.01013129583335853,0.888994284994285,0.8915441176470589,0.9120726802022051,2.0460532223675676,0.9677905701754385,0.5235962867736816
67,cycSGLD,647.4796717876164,4.780807921108249,1.3155901703680937,0.04160261405692135,0.8903432783432784,0.8933823529411765,0.9134929517398062,1.9765761405737954,0.9676938209494323,0.3108103275299072
67,SGHMC,685.9936772099425,43.29481334343427,4.101393364200525,0.12969744611174155,0.8572340212340214,0.8860294117647058,0.906255377688504,2.6699723462806366,0.9509239551083593,0.31058788299560547
67,AWSGLD,643.7001025916477,1.0012387251395012,0.25778005363835327,0.00815172104857571,0.888982032982033,0.8897058823529411,0.9105776296131554,2.040415362918944,0.9673027928276573,0.7158880233764648
68,SGLD,1032.4702432724462,396.35996824989354,9.061925011245583,0.28656323021183,0.18964325764325765,0.637478108581436,0.6348940553980336,4.538898675728279,0.6016966104531779,0.304917573928833
68,qSGLD,637.750379909287,1.6401048867343206,0.3256424437378674,0.010297718250348963,0.8954671754671756,0.8914185639229422,0.9115075050188427,1.9434206773527458,0.9634632734457603,0.5024421215057373
68,cycSGLD,640.8077914461081,4.6975164235554985,1.251053340165483,0.03956178029284339,0.8959827679827681,0.8931698774080561,0.9129415013993286,1.917141433927693,0.9630754534432292,0.3044321537017822
68,SGHMC,678.7083132658521,42.59803824329947,3.9659766415985085,0.12541519334476578,0.8578072978072978,0.882661996497373,0.902752200737884,2.707602257489855,0.9453418735380207,0.30536675453186035
68,AWSGLD,637.1226983710836,1.0124233485310015,0.2570200682595842,0.00812768820072235,0.8929960489960492,0.8914185639229422,0.9115355455680979,1.9281715882358121,0.9639286574487976,0.6908912658691406
69,SGLD,1059.6019223194521,405.8775788976611,9.210210572056214,0.2912524313745999,0.18683219483219482,0.579047619047619,0.589763325858777,4.455808327156786,0.5902075187969925,0.30753636360168457
69,qSGLD,655.3801743221541,1.6558309003630711,0.32634354145587696,0.010319888906861531,0.8898179538179539,0.8704761904761905,0.8949131064362061,2.35181772863306,0.9570606516290727,0.5132601261138916
69,cycSGLD,658.7344662241663,5.010122802375349,1.4019145273319278,0.04433242991247267,0.8915457755457756,0.8685714285714285,0.8934130750027611,2.133182753096879,0.9573213032581454,0.30799245834350586
69,SGHMC,697.2834172989444,43.55907387715342,4.019734325892594,0.1271151605858215,0.8648236208236209,0.8533333333333334,0.8800514841767204,2.667583772462247,0.9432220551378446,0.3086891174316406
69,AWSGLD,654.7383662284121,1.014022806621142,0.24885814475170553,0.007869585516992673,0.8897897297897297,0.8666666666666667,0.8918831603854546,2.3558468414582805,0.9564912280701754,0.7007508277893066
70,SGLD,1035.2508140200634,390.48559352076904,9.0260222011241,0.2854278836679856,0.2751310551310551,0.6499102333931778,0.6642808158668085,4.269251232989379,0.6372902237478267,0.30410337448120117
70,qSGLD,646.3805322688829,1.6153117695885157,0.31468814215899793,0.009951312818692904,0.8984770064770067,0.8868940754039497,0.9078708135361643,2.183610947611066,0.9631288221729598,0.5202155113220215
70,cycSGLD,649.6291684071638,4.863947907869374,1.3622568985439518,0.043078345576758006,0.896930744930745,0.8833034111310593,0.9049895885147564,2.049404715391553,0.9629545574283387,0.30525922775268555
70,SGHMC,685.6952592981636,40.93003879886919,4.078646633646891,0.1289781313330253,0.8626198906198906,0.8779174147217235,0.8990743885370395,2.6579727317516837,0.948608111010695,0.30729031562805176
70,AWSGLD,645.767691822031,1.0024713227365964,0.2521736166515115,0.007974429944209396,0.8990930150930151,0.8850987432675045,0.9064267936343777,2.1919102142023386,0.9623344991509659,0.7120471000671387
71,SGLD,1043.1362497840832,387.5488097110299,9.353050120446897,0.2957694145032439,0.18109240909240912,0.6083788706739527,0.623533111704768,4.449875952830546,0.5874902564226835,0.3081223964691162
71,qSGLD,657.1212545604835,1.5338144874301634,0.31720458534380563,0.010030889739356908,0.8870700830700832,0.8633879781420765,0.8889228116759315,2.4056303608858762,0.9527623294116697,0.502335786819458
71,cycSGLD,660.7729067669306,5.185466693877288,1.5530877479992242,0.049112946897791644,0.8868194868194867,0.8652094717668488,0.8903744850136855,2.204527422173733,0.9536306689445434,0.30738019943237305
71,SGHMC,699.546222969893,43.95878289683969,4.465072437678603,0.14119798820704613,0.8461480141480142,0.8506375227686703,0.8768922433244618,2.794058643065768,0.9287073049568051,0.31282663345336914
71,AWSGLD,656.5951958182936,1.0077557452402743,0.2486029487631371,0.007861515511256528,0.8861728541728543,0.8652094717668488,0.8903810393083982,2.4087849306738174,0.9535579707510935,0.6870133876800537
72,SGLD,1042.284352660658,390.1513290621774,9.200473653620659,0.29094452297812357,0.2528132528132528,0.62152133580705,0.6135974624961088,4.084178524249229,0.612727836155168,0.30814671516418457
72,qSGLD,653.664952410579,1.5319288120983856,0.3135089910984623,0.009914024788125947,0.8901316101316102,0.8738404452690167,0.897308252595188,2.1723095001394905,0.955006258074123,0.516974925994873
72,cycSGLD,657.3144223238783,5.181398725397685,1.5017254657536594,0.04748872892058752,0.8908470988470989,0.8738404452690167,0.8972772095673158,1.9713902727172299,0.954527344363105,0.30889248847961426
72,SGHMC,695.4625210237386,43.32949742525807,4.260589265825278,0.13473166254472474,0.8609996009996012,0.8664192949907236,0.8896477888648429,2.4583673504364825,0.940308838976332,0.31119704246520996
72,AWSGLD,653.1376385031037,1.0046149046231676,0.2501571171788015,0.007910662631866475,0.889954933954934,0.87569573283859,0.8988567683378523,2.1780931106347743,0.9558634733719952,0.7044723033905029
73,SGLD,1041.8033196869567,398.7970442695903,9.127117297744697,0.28862479132394436,0.18691283491283492,0.6209964412811388,0.6223562597168589,4.558768106655549,0.5961260338972034,0.3061349391937256
73,qSGLD,644.6584535748938,1.6521781575273735,0.3286327099340493,0.01039227877025039,0.8888925128925129,0.8932384341637011,0.9129613790811403,2.0514588373361824,0.9644981231414225,0.52071213722229
73,cycSGLD,647.9977911800489,4.991515762682525,1.291568879392944,0.040842994138730146,0.8915238395238396,0.895017793594306,0.9143614488293279,1.9766046073566028,0.9656437381172914,0.30516576766967773
73,SGHMC,687.0144108547879,44.008135437421515,4.0227334633429885,0.12721000163941307,0.8670163230163231,0.8772241992882562,0.8993843738890499,2.6946076398614607,0.9496295032418466,0.30836915969848633
73,AWSGLD,644.0173364569234,1.0110610395570347,0.25781335513470904,0.008152774134355471,0.885901761901762,0.896797153024911,0.9158184742159015,2.0379177372756847,0.964177188449601,0.7108473777770996
74,SGLD,1059.1206665618151,400.12051600011637,9.401495004631013,0.29730137625329267,0.16745105945105948,0.6069469835466179,0.6191521288323202,4.317472419642225,0.5812842274336033,0.3043391704559326
74,qSGLD,660.6539694520843,1.653818890385537,0.3184373741978563,0.010069873945885597,0.8863660903660905,0.8537477148080439,0.8804894665704566,2.507618592602342,0.9441747278956862,0.49245524406433105
74,cycSGLD,664.4734908852466,5.473340323547859,1.5824481651424238,0.050041404810043294,0.8865372345372345,0.8574040219378428,0.8833323019239848,2.215459152436121,0.943424095306125,0.30572056770324707
74,SGHMC,703.0598676960055,44.059717134306766,4.4048343282233295,0.13929309192883427,0.8425293385293386,0.8391224862888482,0.8663447787274944,2.682743008282783,0.9196500276442647,0.30609655380249023
74,AWSGLD,660.0001739011407,1.0000233394418956,0.2492614863941392,0.007882340299645508,0.8857155817155817,0.8537477148080439,0.8806218832250556,2.5023447294200722,0.9457486349383151,0.6799745559692383
75,SGLD,1030.6643689406824,389.6325113086382,8.935291395295494,0.2825587236643769,0.21792421392421396,0.6188747731397459,0.6334993941226462,4.329356581459331,0.6056532160598871,0.3086822032928467
75,qSGLD,642.583920411715,1.5520627796707913,0.3236834624208319,0.010235769821793477,0.8915629235629235,0.8856624319419237,0.9073915100980792,2.031584935161586,0.9651938770973205,0.5215106010437012
75,cycSGLD,645.2867823469624,4.254924714918161,1.2937377446085008,0.040911579678920854,0.8924869484869485,0.8838475499092558,0.9058741903822551,1.9191585865328609,0.9639812610398586,0.30901169776916504
75,SGHMC,681.0726638679047,40.04080623586049,3.93911024602267,0.12456560331937858,0.8720871800871802,0.8838475499092558,0.9048313400053967,2.5580861828623456,0.9534678798216645,0.31241321563720703
75,AWSGLD,642.0397425910162,1.0078849589719994,0.2628588727010455,0.0083123274091956,0.8922764442764445,0.8820326678765881,0.9045101082132515,2.030381145797968,0.9649675220999276,0.7097740173339844
76,SGLD,1011.7212156836334,379.9184206430691,8.795092884737103,0.2781252574851001,0.2332952812952813,0.6240875912408759,0.6374766440264642,4.501468245302662,0.6240351075511918,0.3082728385925293
76,qSGLD,633.344384864492,1.5415898239276657,0.3201030832066305,0.010122548289753477,0.8912203232203234,0.8886861313868614,0.9096796529001028,1.9963273570256186,0.9646421419804921,0.5138802528381348
76,cycSGLD,636.0428576091651,4.24006256860082,1.224525928075207,0.03872290986649179,0.8932582132582134,0.8905109489051095,0.9111458120671776,2.0143223032658355,0.9642949421871971,0.30691051483154297
76,SGHMC,672.5900726051253,40.78727756456101,4.007279889214547,0.1267213167170518,0.8632461832461833,0.8722627737226277,0.8960725473244705,2.8102423017958427,0.94824704476455,0.30854296684265137
76,AWSGLD,632.8038880978817,1.0010930573173482,0.2651895079324446,0.008386028566458148,0.8911612711612713,0.885036496350365,0.9067751449151998,1.9735278226401682,0.9646300303597959,0.7107458114624023
77,SGLD,1033.3252081162568,389.116096653951,9.080439323372875,0.28714870416816524,0.18812892812892815,0.6223021582733813,0.6170551188462492,4.505494497637377,0.5969683712489467,0.306607723236084
77,qSGLD,645.8311256245416,1.6220141622358142,0.32006171601286343,0.010121240144226343,0.8880257880257881,0.8830935251798561,0.904916838815066,2.125302778444411,0.962667703674898,0.4971492290496826
77,cycSGLD,649.0795992781958,4.870487815889987,1.3783517158113072,0.043587308387648516,0.887882867882868,0.8866906474820144,0.907779484148044,2.039571355306411,0.9636763562123275,0.3046989440917969
77,SGHMC,686.7965166849747,42.58740522266885,4.158275130629675,0.13149620550423965,0.8474183234183235,0.8669064748201439,0.8908601748498648,2.7515753270110284,0.940007453496662,0.3052098751068115
77,AWSGLD,645.21485711542,1.005745653114218,0.26306050950186555,0.00831870372470261,0.8881295161295162,0.8830935251798561,0.9049402092953517,2.1325694195408333,0.9630444293214078,0.6868782043457031
78,SGLD,1045.9889510507123,399.83545601924425,9.12864876436367,0.2886732205507091,0.1681969201969202,0.5892193308550185,0.5787475951304463,4.454466794774747,0.5677271922625082,0.3064155578613281
78,qSGLD,647.801441396964,1.6479463654959545,0.3234995427167907,0.010229953770079936,0.8907919707919709,0.8698884758364313,0.8941282479135428,2.255470367766904,0.9590273419269703,0.5099837779998779
78,cycSGLD,650.6711927532197,4.517697721751574,1.2934892799512447,0.04090372253657104,0.8906314826314826,0.8698884758364313,0.8940754857232456,2.074924797473456,0.9589267609713705,0.3046748638153076
78,SGHMC,687.661314507645,41.507819476176905,3.931348760133132,0.12432016358499659,0.8576926016926018,0.8661710037174721,0.8894711118739287,2.6616337813473967,0.9405486087642222,0.3080458641052246
78,AWSGLD,647.1655629074421,1.0120678759740258,0.2569908851098207,0.008126765348496847,0.8934447894447894,0.8754646840148699,0.8987234501708531,2.2493095344358345,0.9605280097845154,0.6954751014709473
79,SGLD,1016.0809309478283,381.33436725010074,8.976657553335972,0.2838668364389609,0.10132697332697334,0.5801801801801801,0.5843787198866589,4.627516571991346,0.5638262982083206,0.3055846691131592
79,qSGLD,636.4044431527354,1.657879455007901,0.34442416268716197,0.010891648352878118,0.8903151863151864,0.8756756756756757,0.8989465184366099,2.0068523755816643,0.9587772041704625,0.5207469463348389
79,cycSGLD,639.4106810422888,4.664117344561305,1.25292795630532,0.039621060860247366,0.8900349620349622,0.8738738738738738,0.897583093879788,2.043359049538656,0.9584168438101022,0.3069767951965332
79,SGHMC,677.1853076492487,42.43874395152113,4.138654904928254,0.13087575949000907,0.8227833067833068,0.863063063063063,0.8859601000213663,2.9236856868778816,0.9284381010223707,0.30693769454956055
79,AWSGLD,635.7567151321629,1.010151434435329,0.2622559525896469,0.008293261401204179,0.8895856575856576,0.8774774774774775,0.900222541734874,2.005808836014492,0.957971454600668,0.718393087387085
80,SGLD,1026.548215538818,378.60681472365866,9.117846180288518,0.28833161284777964,0.2728557808557809,0.6525573192239859,0.6635784120776062,4.1213939403137,0.6294626310022768,0.30732131004333496
80,qSGLD,649.5677088824009,1.626308067241439,0.33042494221533847,0.010448954131299924,0.8956425916425916,0.8800705467372134,0.9020867925039381,2.086249882943818,0.9558146070848149,0.5022749900817871
80,cycSGLD,653.266533996985,5.325133181825549,1.5368236559161617,0.04859863114721975,0.8958306078306078,0.8783068783068783,0.900619505942163,1.880275648157528,0.9557372174770173,0.3076286315917969
80,SGHMC,689.3435345123847,41.40213369722528,4.26571708823468,0.13489381852723037,0.8643771003771004,0.8765432098765432,0.8980394221877844,2.408666330624499,0.9443731645425255,0.3086097240447998
80,AWSGLD,648.9424101184002,1.0010093032407212,0.25035218323757474,0.007916831162265632,0.8975941415941416,0.8765432098765432,0.8993742407960036,2.064424934644757,0.9567147704176187,0.691688060760498
81,SGLD,1065.6943292745857,411.8087060966293,9.6318621846807,0.3045862261243638,0.11482566682566683,0.5870736086175943,0.5933987009981736,4.654763029325606,0.5508062783940085,0.30762434005737305
81,qSGLD,655.5486545357013,1.6630313577448987,0.33336729660171843,0.010541999546743404,0.8831682911682912,0.8868940754039497,0.9079914822269928,2.230211877558708,0.9615077547811357,0.5135796070098877
81,cycSGLD,659.7992586064772,5.91363542852082,1.5052304427418899,0.047599566024880365,0.8832050472050473,0.8833034111310593,0.9050347187657679,2.0866981386848815,0.9609120125146404,0.30797696113586426
81,SGHMC,705.8635357604412,51.977912582484805,4.5061216491337985,0.1424960782505691,0.8425144705144706,0.8653500897666068,0.8892732625619792,2.8258027647239614,0.936964794468918,0.3076615333557129
81,AWSGLD,654.9001751384151,1.0145519604586752,0.25261431082440733,0.007988365917588546,0.8850738330738331,0.8797127468581688,0.9023913423389226,2.2374763217877542,0.9621440237324267,0.6980640888214111
82,SGLD,1033.782320427764,393.77213358780966,9.189305508797883,0.2905913552293377,0.16362095562095563,0.5769980506822612,0.5869108666024785,4.554655377798658,0.5937253583422394,0.306729793548584
82,qSGLD,641.5950942329823,1.5849073930279474,0.32527256134548,0.010286021542085601,0.8924773604773605,0.8830409356725146,0.9052440589361462,2.1784604608373486,0.9650283591707994,0.5060634613037109
82,cycSGLD,644.4245834604329,4.414396620478556,1.2858281828034344,0.04066145737294203,0.8930080850080852,0.8869395711500975,0.9082877373311038,2.0940873800561284,0.9648122130560258,0.30557823181152344
82,SGHMC,682.7443557567071,42.734168916752765,4.108766546078382,0.1299306065951086,0.8477247557247557,0.8713450292397661,0.8932235781497934,2.811205636967213,0.9447466487345445,0.30803847312927246
82,AWSGLD,641.0188694079259,1.0086825679715048,0.25992332811510166,0.008219497338550015,0.8933804813804815,0.8869395711500975,0.9083207135498024,2.186136747164725,0.9646601102345185,0.7072129249572754
83,SGLD,1041.8577329058476,385.0771165528587,9.29947622958624,0.29407525932087436,0.19537115137115138,0.6462346760070052,0.6549127292029178,4.320238423767501,0.5989818704354606,0.31267428398132324
83,qSGLD,658.2407812230415,1.4601648700526084,0.307179383983302,0.009713865036346804,0.8889064809064811,0.8931698774080561,0.9129198371700625,2.231028272512447,0.9618793349091073,0.5001218318939209
83,cycSGLD,661.8229934723003,5.042377119311368,1.5536668457153537,0.04913125957549934,0.8878640278640281,0.8949211908931699,0.9142442791946435,2.0597961124092814,0.9609485669030328,0.3063218593597412
83,SGHMC,702.4173031067912,45.63668675380234,4.534889772113676,0.14340580617681148,0.8398920838920839,0.8704028021015762,0.8934931210608648,2.696503324761842,0.9336501210406639,0.3101179599761963
83,AWSGLD,657.7842952480465,1.0036788950576465,0.24944239447958658,0.007888061115617049,0.8889656889656891,0.8861646234676007,0.9073476202457685,2.2401469063239365,0.962042627541752,0.6871953010559082
84,SGLD,1052.0491243166668,406.00263823435955,9.501995904084387,0.30047949374497496,0.05878191478191478,0.572744014732965,0.5692388851161769,4.942147662213188,0.5269855853895411,0.30735349655151367
84,qSGLD,647.6774983902393,1.6310123079319965,0.3300275461746981,0.01043638736508436,0.8924263004263006,0.8802946593001841,0.9029191822161164,2.2385362000452687,0.9617732751429573,0.5051591396331787
84,cycSGLD,651.0981545856655,5.051668503358201,1.3088674440191739,0.041390022783435204,0.8950842310842313,0.8802946593001841,0.9029580059694952,2.1828912282010653,0.9621238681286798,0.3071115016937256
84,SGHMC,695.0367951314239,48.990309049116604,4.427082285335186,0.13999663410642632,0.8162931362931363,0.861878453038674,0.8863402164881142,3.0456942312579556,0.9224222348489428,0.30704617500305176
84,AWSGLD,647.0478466160787,1.0013605337713898,0.2598535652352085,0.008217291242584064,0.8898640338640338,0.8802946593001841,0.9029435256896425,2.2340708507364426,0.9624583418966678,0.6914219856262207
85,SGLD,1010.8271455630046,379.15317776482016,8.831875082572985,0.27928841271018306,0.25315396915396915,0.6261682242990654,0.6447335744749065,4.3416797694181275,0.6305094965330117,0.3080432415008545
85,qSGLD,633.2994392716347,1.6254714734502613,0.32586141880947467,0.01030464285011974,0.8911477471477472,0.8990654205607477,0.9182469696385415,2.0580612997759173,0.9723525273841824,0.5152168273925781
85,cycSGLD,635.6991988860872,4.025231087902739,1.195019244574951,0.03778982660590661,0.8910553470553472,0.897196261682243,0.9167942135728,2.0036874354839416,0.9725052758516732,0.3045511245727539
85,SGHMC,668.6290241148489,36.95505631666447,3.8799484153163264,0.12269474196360525,0.869037053037053,0.8859813084112149,0.9073577471674124,2.62642444836481,0.9641563661943522,0.3070354461669922
85,AWSGLD,632.674494336279,1.0005265380946184,0.2546217358247754,0.008051846269919819,0.8901741741741741,0.9009345794392524,0.9196756730746222,2.0663955052346195,0.9718661441061199,0.7058215141296387
86,SGLD,1056.870933262122,410.7806791686854,9.471425964752672,0.29951278738276116,0.11854196254196255,0.6115107913669064,0.6007346450838823,4.643446441967829,0.5744742044202475,0.30738401412963867
86,qSGLD,647.6818456250409,1.5915915316043083,0.31275916381336605,0.0098903131673995,0.884023064023064,0.9028776978417267,0.9208693496214181,2.0179972897704475,0.9660582344934863,0.49606800079345703
86,cycSGLD,650.9794834601871,4.8892293667505555,1.2912223522468471,0.0408320359882027,0.8844252084252086,0.8992805755395683,0.9180542131126426,1.9083142680012852,0.9665240780348694,0.30420613288879395
86,SGHMC,695.2396446179828,49.14939052454622,4.22887792001292,0.1337288617403618,0.8509899229899232,0.8902877697841727,0.9094217187687723,2.6880533805756306,0.9532900706461858,0.309581995010376
86,AWSGLD,647.0978404339282,1.0075863404916845,0.2586090349356293,0.008177935738946446,0.8850545490545492,0.9010791366906474,0.9195746068577588,2.0080857619533523,0.9671073951649491,0.683645486831665
87,SGLD,1054.9048218775552,400.2435743065188,9.42704977603932,0.2981094890806446,0.20326723126723126,0.6447140381282496,0.6529559716544947,4.36630118936796,0.6114900991924481,0.3104827404022217
87,qSGLD,656.2510984492799,1.5898508782435101,0.3185764183597078,0.010074270908353593,0.8825475545475546,0.8890814558058926,0.9096090674435748,2.1812307255927808,0.9598313605467261,0.5181593894958496
87,cycSGLD,660.3971396799718,5.735892108935445,1.5170243482262935,0.04797252206327504,0.8831491151491151,0.8890814558058926,0.9095624020405534,2.003856092547031,0.9598313605467261,0.30577898025512695
87,SGHMC,701.6085496326303,46.94730206159397,4.4012838053864565,0.13918081453834463,0.8166854286854287,0.8700173310225303,0.8902595027332498,2.6662649517114936,0.9291845405640162,0.3088798522949219
87,AWSGLD,655.6714500740603,1.0102025030239474,0.2439616774623624,0.007714745625764322,0.8827087747087748,0.8890814558058926,0.9096668072878455,2.1654676724100517,0.9608310696477664,0.7050614356994629
88,SGLD,1028.6594362998953,382.6132258366679,9.08773354009738,0.28737936755412846,0.20182797382797382,0.6115241635687733,0.6249365064157013,4.2413680884307485,0.6070905550459453,0.30312204360961914
88,qSGLD,647.6753514177291,1.6291409545016222,0.32722017023719346,0.010347610342975709,0.9004420924420926,0.8736059479553904,0.8972666034002408,2.1458992369090293,0.9580295788474227,0.5156974792480469
88,cycSGLD,651.0371541897604,4.990943726532919,1.4238798052495383,0.04502703298905517,0.8994600594600596,0.8754646840148699,0.8985851383790133,1.9908820334983313,0.9562875166964386,0.30340075492858887
88,SGHMC,687.0437354061575,40.99752494293,4.132535255288886,0.13068223917658273,0.8564206724206725,0.8587360594795539,0.8823737672942532,2.523499921464024,0.9356362348927404,0.30979108810424805
88,AWSGLD,647.0489150345754,1.0027045713479765,0.25428085877295376,0.008041066791061422,0.9009006249006251,0.8754646840148699,0.8988856365705485,2.1504226323063866,0.9589669933536105,0.7094871997833252
89,SGLD,1046.2518965502252,402.33277028871464,9.269099227567503,0.293114654172207,0.20632554232554234,0.6213235294117647,0.6332476479450352,4.646405457463672,0.6065329914860681,0.3053433895111084
89,qSGLD,645.5615210135645,1.6423947520539741,0.3255264615619244,0.010294050571909342,0.8833852993852995,0.8933823529411765,0.9135856841502094,2.187547776586941,0.9682057856037151,0.5033166408538818
89,cycSGLD,649.0287634647602,5.10963720324969,1.295363973780977,0.04096300556074522,0.8843508923508925,0.8933823529411765,0.9135666149696154,2.1127663873772855,0.9686855005159958,0.3078484535217285
89,SGHMC,688.9529335456912,45.033807284180625,4.142862400834711,0.13100881219311145,0.8635815115815116,0.8878676470588235,0.9081801459914873,2.809169467584313,0.9550962654798761,0.3088068962097168
89,AWSGLD,644.9196260912951,1.0004998297845304,0.25106637871886117,0.007939416006420286,0.8828971148971149,0.8915441176470589,0.9121034542398848,2.1894583634761338,0.9678550696594427,0.6887593269348145
90,SGLD,1035.615120667845,382.61404749099165,8.999169931181298,0.28457874033433633,0.20621409821409822,0.6229205175600739,0.6246185273285423,4.5535853311414,0.6087774193678293,0.30699610710144043
90,qSGLD,654.5826855927041,1.5816124158507137,0.3347722761550932,0.010586428901289706,0.8943209583209584,0.8909426987060998,0.9113328857905528,2.478456187103349,0.9655765366323157,0.5163536071777344
90,cycSGLD,657.9520643727669,4.9509911959135025,1.4892188686391568,0.04709323559398833,0.8952190392190393,0.8872458410351202,0.9084309041726711,2.301213775904837,0.9658342696289853,0.30852341651916504
90,SGHMC,694.0962585784052,41.09518540155182,4.17997834420754,0.13218252137875117,0.8536282336282337,0.8724584103512015,0.8954031324498708,2.8914655522090174,0.941965777890536,0.3091394901275635
90,AWSGLD,654.0030615368455,1.0019883599920831,0.2592385526528128,0.008197842837083741,0.8951056151056151,0.8909426987060998,0.9113788023433581,2.4560449726034803,0.9661081109379468,0.6973488330841064
91,SGLD,1051.8368557483318,402.9635593164121,9.280436807670084,0.2934731799349945,0.19552316752316753,0.6381461675579323,0.6387684922097304,4.496259255037865,0.6057682547029994,0.3098583221435547
91,qSGLD,650.4060881518083,1.5327917198885643,0.31012724490083426,0.009807084583594763,0.8834254634254634,0.8859180035650623,0.9075928180513635,2.0372432797091076,0.9647879031504919,0.528674840927124
91,cycSGLD,653.9073124130173,5.034015981097582,1.3649055810358384,0.043162104271487735,0.8840793920793921,0.8877005347593583,0.9090795640682395,1.9473912829079487,0.9656893198364456,0.30780720710754395
91,SGHMC,695.3849596295166,46.51166319759693,4.196451265484095,0.13270344088825675,0.8610581490581491,0.8805704099821747,0.9025821857499207,2.647289587512044,0.9535892219799496,0.3101236820220947
91,AWSGLD,649.8750545550923,1.0017581231726354,0.24679530542234687,0.007804352809715196,0.8824019944019945,0.8841354723707665,0.9060895367646745,2.0477550012321073,0.9635210472675299,0.717623233795166
92,SGLD,1037.7499036256063,386.8364663315591,9.073441938402201,0.28692742742644156,0.3020632100632101,0.6690647482014388,0.676030278484368,4.1363982421193795,0.66656134551818,0.30814361572265625
92,qSGLD,652.555793476407,1.6423561823597765,0.31865112802372064,0.01007663343536866,0.8844524724524725,0.8812949640287769,0.9034614535199661,2.1958721326974264,0.9614443580270919,0.49701499938964844
92,cycSGLD,656.0218209542145,5.108383660167306,1.4328529194660662,0.04531078777534582,0.8851952371952372,0.8812949640287769,0.9034358376334839,1.976126542576434,0.961055479940372,0.30536699295043945
92,SGHMC,694.1352250003739,43.22178770632672,4.160640731308656,0.1315710123660399,0.8502658902658903,0.8776978417266187,0.8990796416623348,2.534955020917994,0.9480928770497116,0.30980420112609863
92,AWSGLD,651.9258911129533,1.012453818906124,0.2603335806724741,0.008232470663522073,0.884943068943069,0.8794964028776978,0.9019390228333143,2.2178611922248064,0.9602574696999158,0.6848106384277344
93,SGLD,1028.8239195399717,380.9687282941087,8.949170524492612,0.28299762026640324,0.23625756825756827,0.6182495344506518,0.6074471059665082,4.212375660748283,0.6183983493611014,0.3105289936065674
93,qSGLD,649.373944619854,1.5187533739909895,0.3069871215898084,0.009707785165628448,0.8873636993636995,0.8752327746741154,0.8988043598910439,2.191091636044939,0.9584725959353418,0.5129354000091553
93,cycSGLD,652.4163899615664,4.561198715703426,1.3802246512552476,0.04364653580678162,0.8886435366435368,0.8770949720670391,0.9002603847615454,1.9900817032411664,0.9584645518861283,0.30941033363342285
93,SGHMC,687.9464085770435,40.091217331180474,4.020369847374108,0.12713525753965702,0.853878973878974,0.8659217877094972,0.8891374933447642,2.511783772532208,0.9416002027100402,0.31011533737182617
93,AWSGLD,648.8579114320544,1.0027201861913682,0.2499051863171343,0.007902695878508904,0.889842841842842,0.8789571694599627,0.9017472298830478,2.184606372663264,0.958629454895005,0.6918056011199951
94,SGLD,1029.962388071826,383.145573154772,8.910382619690965,0.2817710390180134,0.21965726765726767,0.5908221797323135,0.6072184703940232,4.352868011942633,0.6013244024355536,0.2990083694458008
94,qSGLD,648.464076833332,1.6472619162781257,0.33344187234237593,0.01054435783873012,0.8894058614058613,0.8604206500956023,0.8865857430253409,2.407994408742696,0.9555820115364112,0.5109372138977051
94,cycSGLD,651.3524907296148,4.535675812560953,1.399843123080992,0.04426692635859356,0.8913469593469593,0.864244741873805,0.8895722158009641,2.1857818645620486,0.9556982575128973,0.2970731258392334
94,SGHMC,683.4160236604026,36.599208743348754,3.9315059846895726,0.12432513546202122,0.8596911076911078,0.8546845124282982,0.8804831895751882,2.6671139380408313,0.9412757394647073,0.300126314163208
94,AWSGLD,647.8296083556335,1.0127934385795925,0.25576815852406076,0.00808809933883042,0.8874267594267594,0.864244741873805,0.889529136198489,2.3922123640969084,0.9543193397228537,0.7057161331176758
95,SGLD,1053.5333111533444,404.1199431271614,9.542854140729942,0.3017715446347561,0.07644892044892046,0.5989304812834224,0.5963953330772951,4.656425883688037,0.5393882547842082,0.304699182510376
95,qSGLD,651.000496984661,1.587128958478047,0.30617688857481146,0.009682163347999893,0.8932408372408372,0.8698752228163993,0.8940193451650663,2.2089127923742335,0.9562203841984092,0.506648063659668
95,cycSGLD,654.4837192497516,5.07035122356865,1.361907735586232,0.04306730407454845,0.8921987801987803,0.8698752228163993,0.8939490440032339,2.112678560598757,0.9547099021841083,0.30299925804138184
95,SGHMC,697.4336546080029,48.02028658181996,4.481246030407844,0.14170944211676953,0.8262117582117583,0.8467023172905526,0.8722085414719738,2.885640008754255,0.9251255689685274,0.30530333518981934
95,AWSGLD,650.4215854791358,1.008217452952863,0.2466665487872859,0.007800281167408678,0.8966773766773768,0.8734402852049911,0.8967913198397243,2.192066211905152,0.9558387032593115,0.6925258636474609
96,SGLD,1043.2593383017074,400.1804617614612,9.178065153297792,0.29023590397843485,0.10677146277146277,0.5665399239543726,0.5650617874002752,4.619610611285567,0.5682926633617301,0.30171847343444824
96,qSGLD,644.7064803120627,1.627603771816439,0.32591106696251054,0.010306212862571877,0.8941913821913822,0.876425855513308,0.8995351787881202,2.2511441498634954,0.9589048787922543,0.5145795345306396
96,cycSGLD,647.6686170160639,4.589740475817621,1.3291352087724695,0.042030945780444154,0.8932071412071412,0.8783269961977186,0.9009823128575588,2.1540992968244312,0.9589369655548604,0.3036055564880371
96,SGHMC,686.8888480315303,43.809971491284045,4.174936380009067,0.13202308047126915,0.8471913431913433,0.8669201520912547,0.8904686502370862,2.879291455403187,0.9384936869294572,0.30585455894470215
96,AWSGLD,644.0821869436595,1.003310403413252,0.2596858731014916,0.008211988351701675,0.8945020505020504,0.8726235741444867,0.8965180948778416,2.264138925916199,0.9583674255186023,0.6971304416656494
97,SGLD,1027.7657006384425,391.0265750937682,8.979131930647654,0.2839450831199164,0.1114125154125154,0.5711610486891385,0.5728108547889981,4.642115858449702,0.5469169439488193,0.3017270565032959
97,qSGLD,638.3934949996453,1.6543694549710608,0.3465898309998453,0.010960132798123448,0.8857030897030896,0.8689138576779026,0.8933824362807218,2.081547319307998,0.9526611049492855,0.5254840850830078
97,cycSGLD,640.9239078476501,4.184782302975805,1.2349388394371248,0.03905219503626285,0.8861970581970583,0.8707865168539326,0.8948911019433092,2.027508173933198,0.9531312790342544,0.302994966506958
97,SGHMC,677.0257487959998,40.28662325132552,3.9203792107854034,0.12397327597655224,0.8411132411132412,0.848314606741573,0.8740371001887901,2.8310416238130522,0.9283084984970504,0.3043844699859619
97,AWSGLD,637.7544141965965,1.0152886519222193,0.26710769508210463,0.008446686970172068,0.8877954957954959,0.8707865168539326,0.8950005595758663,2.0733441578666962,0.9550039382102844,0.7172622680664062
98,SGLD,1034.456377917973,387.6110736405319,8.983639729926693,0.28408763224948275,0.27047485847485847,0.6522522522522523,0.6605101479921651,4.22286792075536,0.6365259641664136,0.3020787239074707
98,qSGLD,648.4854176341273,1.6401133566862427,0.33262429982800745,0.010518503925752569,0.8958421038421038,0.8864864864864865,0.908008598077751,2.0447414483915693,0.9660046563417349,0.4994339942932129
98,cycSGLD,651.7746361734481,4.9293318960070565,1.4168145543657447,0.04480361013872212,0.8967905727905728,0.8828828828828829,0.9051371835703965,1.8966967956943384,0.9664743395080473,0.3009185791015625
98,SGHMC,686.6769948835706,39.83169060612954,4.040151876916132,0.12776082024059235,0.874963366963367,0.8900900900900901,0.9098261808494209,2.4787322586707012,0.9530478793400142,0.30597352981567383
98,AWSGLD,647.848933051008,1.003628773566902,0.2479507939072486,0.00784089256393906,0.8953111273111274,0.8900900900900901,0.910912286477976,2.046694921266839,0.9662921348314606,0.6809287071228027
99,SGLD,1018.8636485435388,382.8173008109402,8.761939421658033,0.2770768529285785,0.2314097434097434,0.6257088846880907,0.6272365000267714,4.315766749898206,0.6338362250611056,0.29912257194519043
99,qSGLD,637.6836747532129,1.6373270206142934,0.3327657790095197,0.010522977890303318,0.8872836592836593,0.8827977315689981,0.9047482874954751,2.159494677574612,0.9630717734458719,0.5142590999603271
99,cycSGLD,640.4359042261561,4.389556493557507,1.2751355054808031,0.04032332522669458,0.8867774867774868,0.8846880907372401,0.9061726771795247,2.0371251891750566,0.9635694476217997,0.3062620162963867
99,SGHMC,674.4095655395818,38.36321780698313,3.857412370169572,0.12198208964244396,0.8609772809772811,0.8714555765595463,0.8947717659075921,2.620036285121647,0.9535276670720303,0.30724644660949707
99,AWSGLD,637.0623972158822,1.0160494832836093,0.26075250927539595,0.008245718349144327,0.8877664797664798,0.8846880907372401,0.9062916002545512,2.156878749555209,0.9640310002849586,0.7033054828643799
