#truth,556,n,1000,mu,1.8,alpha,0.2,zeta,1.0
seed,method,rmed,thS,thW,thN,piS,piW,piN,spearman,kendall,topk,ndcg,mse,auc,sigma_raw,cov90,jaccard,P0.05,R0.05,F0.05,rFDR0.05,nsel0.05,P0.1,R0.1,F0.1,rFDR0.1,nsel0.1,P0.15,R0.15,F0.15,rFDR0.15,nsel0.15,P0.2,R0.2,F0.2,rFDR0.2,nsel0.2,P0.3,R0.3,F0.3,rFDR0.3,nsel0.3
0,tMH,1.9406624162979271,2.624211830647211,1.5597611158146352,-0.2214298375258802,0.9195633645295078,0.8055984349823305,0.4498416220190873,0.8234330114330115,0.6094374374374375,0.8568738229755178,0.872312211332303,2.4156422084155276,0.9287019302197649,1.3242136422720183,0.833,0.5695192292399273,0.9536679536679536,0.4651600753295669,0.6253164556962025,0.04633204633204633,259,0.8234295415959253,0.9133709981167608,0.8660714285714285,0.1765704584040747,589,0.7030625832223701,0.9943502824858758,0.8237129485179407,0.2969374167776298,751,0.6113033448673587,0.9981167608286252,0.7582260371959942,0.3886966551326413,867,0.531,1.0,0.6936642717178314,0.469,1000
0,SGLD,4.938677743782229,0.19024250465589876,-3.6281072394718394e-05,-0.10150453222960798,0.5441810851032669,0.5003102003442017,0.47678662006003525,0.19000973800973803,0.12652252252252252,0.5932203389830508,0.5969081622208785,2.544519368116624,0.588831468163621,1.075332340769077,0.633,0.37904572341696446,0.0,0.0,0,1.0,1,0.3333333333333333,0.0018832391713747645,0.0037453183520599247,0.6666666666666666,3,0.6190476190476191,0.02448210922787194,0.04710144927536231,0.38095238095238093,21,0.676923076923077,0.08286252354048965,0.1476510067114094,0.3230769230769231,65,0.6040268456375839,0.3389830508474576,0.43425814234016885,0.3959731543624161,298
0,qSGLD,1.7127537217598148,1.4636714002860167,-0.07188367873836767,-1.761247504189853,0.783852625896376,0.48371833172293743,0.17099517527285654,0.8237845157845157,0.6097417417417417,0.8549905838041432,0.8780089296518219,0.822203926201402,0.9252767638803562,1.3293853051116589,0.975,0.6831495989258894,1.0,0.02448210922787194,0.04779411764705882,0.0,13,0.9864864864864865,0.2749529190207156,0.4300441826215022,0.013513513513513514,148,0.9453376205787781,0.5536723163841808,0.6983372921615202,0.05466237942122187,311,0.8967889908256881,0.736346516007533,0.8086866597724923,0.10321100917431193,436,0.7876823338735819,0.9152542372881356,0.8466898954703833,0.21231766612641814,617
0,cycSGLD,0.9997692166252891,1.0470977496539446,0.9634907226136458,0.977873649741448,0.7399920135683212,0.7236319990877086,0.7264882953691384,0.38381252381252384,0.25444644644644643,0.655367231638418,0.6911011010344804,3.1580315140568733,0.693875256485932,0.047921575956836576,0.016,0.9813455824308729,1.0,0.0018832391713747645,0.0037593984962406013,0.0,1,1.0,0.0018832391713747645,0.0037593984962406013,0.0,1,1.0,0.0018832391713747645,0.0037593984962406013,0.0,1,1.0,0.0018832391713747645,0.0037593984962406013,0.0,1,0.531,1.0,0.6936642717178314,0.469,1000
0,SGHMC,2.2189541960921093,0.7317972750837273,0.06162962551635505,-0.6014037726283855,0.6609856520075195,0.5137405759035234,0.36360678478348857,0.638965994965995,0.4451411411411411,0.7570621468926554,0.7891727017907492,1.4395120495624414,0.8301029156075956,1.0252475190069938,0.82,0.4860980928223892,1.0,0.0018832391713747645,0.0037593984962406013,0.0,1,1.0,0.0018832391713747645,0.0037593984962406013,0.0,1,0.9423076923076923,0.09227871939736347,0.16809605488850773,0.057692307692307696,52,0.9430379746835443,0.2806026365348399,0.432510885341074,0.056962025316455694,158,0.8004338394793926,0.6949152542372882,0.7439516129032259,0.19956616052060738,461
0,AWSGLD,1.6371279883370198,1.4879913036680188,-0.011995427227167704,-1.7175884095073797,0.7858691292730174,0.4963316974637098,0.17725638223985327,0.8173475053475053,0.6038878878878879,0.847457627118644,0.871806425477639,0.8456786348587891,0.9233172314376463,1.3237144005981365,0.977,0.6601369107445448,1.0,0.04331450094161959,0.08303249097472924,0.0,23,0.9873417721518988,0.2937853107344633,0.4528301886792453,0.012658227848101266,158,0.9415384615384615,0.576271186440678,0.7149532710280374,0.05846153846153846,325,0.899103139013453,0.7551789077212806,0.8208802456499488,0.10089686098654709,446,0.7914012738853503,0.935969868173258,0.8576358930112166,0.2085987261146497,628
1,tMH,1.9217457694507112,2.9287260560668322,1.8539300113628612,-0.006956112836260019,0.9384015362475029,0.8394413056692187,0.49700852080770697,0.7954730074730075,0.5775335335335335,0.8594594594594595,0.8790972698213709,3.1255232194982727,0.9238910820933293,1.4451613707616962,0.792,0.5820089619691519,0.9223529411764706,0.7063063063063063,0.8,0.07764705882352942,425,0.7601115760111576,0.9819819819819819,0.8569182389937107,0.2398884239888424,717,0.654073199527745,0.9981981981981982,0.7902995720399429,0.345926800472255,847,0.583596214511041,1.0,0.7370517928286854,0.416403785488959,951,0.555,1.0,0.7138263665594855,0.445,1000
1,SGLD,4.808942929440854,0.2599555264083664,0.1904003770058671,-0.13126433131725465,0.5592596011085347,0.5427481433116647,0.47058289544664783,0.23399856599856603,0.15837037037037038,0.6432432432432432,0.6500894382919341,2.392901699510309,0.6288693187569592,1.0522689177964792,0.63,0.3948198637693814,1.0,0.0018018018018018018,0.0035971223021582736,0.0,1,0.6666666666666666,0.0036036036036036037,0.007168458781362008,0.3333333333333333,3,0.55,0.01981981981981982,0.03826086956521738,0.45,20,0.68,0.0918918918918919,0.1619047619047619,0.32,75,0.6596385542168675,0.3945945945945946,0.49379932356257045,0.34036144578313254,332
1,qSGLD,1.7237034500645423,1.6313744006858477,0.3605756380225036,-1.408517522209946,0.811870089719829,0.5779671765474317,0.22128388706418461,0.8039774759774759,0.5874954954954955,0.8432432432432433,0.8689916421980951,0.8115366474339542,0.9261747140398825,1.3656843193068242,0.972,0.655219847099071,1.0,0.032432432432432434,0.06282722513089005,0.0,18,0.9951456310679612,0.36936936936936937,0.5387647831800263,0.0048543689320388345,206,0.9234567901234568,0.6738738738738739,0.7791666666666667,0.07654320987654321,405,0.8542435424354243,0.8342342342342343,0.8441203281677302,0.14575645756457564,542,0.7369127516778523,0.9891891891891892,0.8446153846153845,0.26308724832214764,745
1,cycSGLD,0.9996737161803431,1.0918862712042656,0.906418738444895,0.959614919361705,0.7485479520402969,0.7120676911056809,0.7228408555362575,0.574991746991747,0.36044444444444446,0.7549549549549549,0.792367579289559,2.910853404128813,0.790990990990991,0.043587681945486616,0.024,0.9868812898784373,1.0,0.0018018018018018018,0.0035971223021582736,0.0,1,1.0,0.0018018018018018018,0.0035971223021582736,0.0,1,1.0,0.0018018018018018018,0.0035971223021582736,0.0,1,1.0,0.0018018018018018018,0.0035971223021582736,0.0,1,0.555,1.0,0.7138263665594855,0.445,1000
1,SGHMC,2.2477612993453993,0.7726967201126991,0.2855237612202379,-0.5258964656224399,0.6707653183409862,0.5649014862732603,0.38111077509165125,0.6187555987555988,0.432976976976977,0.7711711711711712,0.7974057636826773,1.4663917844634007,0.8309302560987955,1.043600119146231,0.817,0.4973528847320918,1.0,0.0018018018018018018,0.0035971223021582736,0.0,1,1.0,0.005405405405405406,0.010752688172043012,0.0,3,0.9607843137254902,0.08828828828828829,0.1617161716171617,0.0392156862745098,51,0.9147727272727273,0.29009009009009007,0.44049247606019154,0.08522727272727272,176,0.7804428044280443,0.7621621621621621,0.7711941659070192,0.21955719557195572,542
1,AWSGLD,1.6288204978788643,1.6201428275015866,0.37065273837206664,-1.4591564939518453,0.8051872672578929,0.5782785559730312,0.21740474629232298,0.7817335697335698,0.564956956956957,0.8468468468468469,0.8703135698909643,0.9414944445886547,0.9164449843101529,1.3527032735724807,0.973,0.6437869198029139,1.0,0.06306306306306306,0.11864406779661016,0.0,35,0.9563318777292577,0.3945945945945946,0.5586734693877551,0.043668122270742356,229,0.9079903147699758,0.6756756756756757,0.774793388429752,0.09200968523002422,413,0.8505535055350554,0.8306306306306306,0.8404740200546946,0.14944649446494465,542,0.7368421052631579,0.9837837837837838,0.8425925925925926,0.2631578947368421,741
2,tMH,1.9173458896255464,2.7567293086041356,0.9670652753832204,-0.2807920197171439,0.9297635655894201,0.7007473193123789,0.4357610339854838,0.824891504891505,0.6031751751751753,0.8458715596330275,0.8732952755203932,2.048083257641638,0.9199193467083375,1.4438621841353858,0.893,0.5921348126189061,0.9900990099009901,0.5504587155963303,0.7075471698113207,0.009900990099009901,303,0.8348294434470377,0.8532110091743119,0.8439201451905626,0.1651705565529623,557,0.7342857142857143,0.9431192660550459,0.82570281124498,0.26571428571428574,700,0.6544566544566545,0.9834862385321101,0.7859237536656892,0.34554334554334554,819,0.545,1.0,0.7055016181229774,0.455,1000
2,SGLD,5.157292055322445,0.1532559088520891,-0.04836542848843999,-0.03748933860860416,0.5357440071652165,0.4889802850891956,0.49057581270455825,0.16277785877785877,0.10747547547547548,0.5889908256880734,0.6002733486036163,2.5884660902574215,0.5824780723863292,1.0942371429925521,0.628,0.38625221897998,1.0,0.001834862385321101,0.0036630036630036634,0.0,1,0.7142857142857143,0.009174311926605505,0.018115942028985508,0.2857142857142857,7,0.5833333333333334,0.025688073394495414,0.049209138840070304,0.4166666666666667,24,0.609375,0.07155963302752294,0.12807881773399013,0.390625,64,0.6326530612244898,0.3412844036697248,0.4433849821215733,0.3673469387755102,294
2,qSGLD,1.7104653090904334,1.4370114029313528,-0.30802209959520455,-1.5928737686971208,0.7841911999736997,0.43208649679244654,0.19068680180127912,0.8232910512910513,0.6065425425425426,0.8605504587155963,0.8838492526133711,0.7671469234298288,0.9256578284101221,1.3385986031053703,0.974,0.6584523959550543,1.0,0.023853211009174313,0.04659498207885305,0.0,13,1.0,0.22935779816513763,0.373134328358209,0.0,125,0.962457337883959,0.5174311926605505,0.6730310262529833,0.03754266211604096,293,0.9292452830188679,0.7229357798165138,0.8132094943240454,0.07075471698113207,424,0.8042414355628059,0.9045871559633027,0.8514680483592401,0.19575856443719414,613
2,cycSGLD,0.999864487617282,1.0729160373303919,0.9658154670774942,0.9403352908765014,0.744960922022336,0.7240840493541786,0.7189741486803509,0.6132205932205933,0.41725725725725726,0.7467889908256881,0.7839861709049397,2.928984881239924,0.8080975904829115,0.04789572388214613,0.018,0.9866401359090933,1.0,0.001834862385321101,0.0036630036630036634,0.0,1,1.0,0.001834862385321101,0.0036630036630036634,0.0,1,1.0,0.001834862385321101,0.0036630036630036634,0.0,1,1.0,0.001834862385321101,0.0036630036630036634,0.0,1,0.545,1.0,0.7055016181229774,0.455,1000
2,SGHMC,2.297646901159775,0.637933182854333,-0.04750919182418208,-0.40090032927178193,0.6417927267578034,0.4887313937286219,0.40807938765827967,0.5556572796572796,0.37927927927927935,0.7614678899082569,0.7863299039160139,1.6513314356671125,0.794209093658635,1.05471872193905,0.797,0.45908323777918864,1.0,0.001834862385321101,0.0036630036630036634,0.0,1,1.0,0.007339449541284404,0.014571948998178506,0.0,4,0.9210526315789473,0.06422018348623854,0.12006861063464837,0.07894736842105263,38,0.8540145985401459,0.21467889908256882,0.343108504398827,0.145985401459854,137,0.8162790697674419,0.6440366972477064,0.72,0.18372093023255814,430
2,AWSGLD,1.6095316861131341,1.473137707796668,-0.3045984417823997,-1.6957690187718477,0.785724032657524,0.43386749042206324,0.18112034870615634,0.8128508968508968,0.594926926926927,0.8550458715596331,0.879292069899504,0.8617365629706064,0.9197338441375139,1.3283970393247766,0.979,0.6570061635561489,1.0,0.04954128440366973,0.0944055944055944,0.0,27,1.0,0.27889908256880735,0.43615494978479197,0.0,152,0.9559748427672956,0.5577981651376147,0.7045191193511008,0.0440251572327044,318,0.9178082191780822,0.7376146788990826,0.8179043743641913,0.0821917808219178,438,0.8045234248788369,0.9137614678899083,0.8556701030927835,0.19547657512116318,619
3,tMH,1.9435935417397603,2.7507894468152747,1.4434896257527563,-0.14391044532886302,0.928130376167273,0.7818198443722387,0.4670406177336171,0.8051928731928731,0.5881201201201202,0.8586572438162544,0.8802870102482566,2.446359381624296,0.9153531126345443,1.422285996232581,0.848,0.581682951856311,0.948170731707317,0.549469964664311,0.6957494407158836,0.051829268292682924,328,0.8166144200626959,0.9204946996466431,0.8654485049833887,0.1833855799373041,638,0.7008871989860583,0.9770318021201413,0.8162361623616237,0.2991128010139417,789,0.6243093922651933,0.9982332155477032,0.7681849082256967,0.3756906077348066,905,0.566,1.0,0.722860791826309,0.434,1000
3,SGLD,4.875181276663574,0.2558470495582715,0.04817762874270176,-0.14096848447946905,0.5574469167567054,0.5101577637416038,0.4690097572408135,0.21183741183741184,0.1393793793793794,0.6360424028268551,0.6579053625906589,2.427341401751977,0.6197831007474232,1.0798887803586918,0.646,0.4147767947223333,1.0,0.0017667844522968198,0.003527336860670194,0.0,1,1.0,0.0035335689045936395,0.007042253521126761,0.0,2,0.8571428571428571,0.03180212014134275,0.06132879045996592,0.14285714285714285,21,0.7857142857142857,0.1166077738515901,0.20307692307692304,0.21428571428571427,84,0.672514619883041,0.40636042402826855,0.5066079295154184,0.32748538011695905,342
3,qSGLD,1.706769294751707,1.460958620228317,-0.21277035506519304,-1.589791432847252,0.7830006882031171,0.4537660171756439,0.19464759658385672,0.8064935904935905,0.5891011011011011,0.8692579505300353,0.891151599461558,0.8490453701507661,0.9283108889286935,1.2934285252819666,0.957,0.6849967523119554,1.0,0.038869257950530034,0.07482993197278912,0.0,22,0.9938650306748467,0.2862190812720848,0.4444444444444444,0.006134969325153374,163,0.9748427672955975,0.5477031802120141,0.7013574660633485,0.025157232704402517,318,0.920814479638009,0.7190812720848057,0.8075396825396824,0.07918552036199095,442,0.8125,0.9187279151943463,0.8623548922056385,0.1875,640
3,cycSGLD,0.9997144086305297,1.0811691275850626,0.9583009910875329,0.9313530157922729,0.7465038617888733,0.7225536115615211,0.7171702808750968,0.6526439566439568,0.4473833833833834,0.7720848056537103,0.8068605753210483,2.7957103724910968,0.8255239289378125,0.04635295985619442,0.013,0.9778858673138742,1.0,0.0017667844522968198,0.003527336860670194,0.0,1,1.0,0.0017667844522968198,0.003527336860670194,0.0,1,1.0,0.0017667844522968198,0.003527336860670194,0.0,1,1.0,0.0017667844522968198,0.003527336860670194,0.0,1,0.566,1.0,0.722860791826309,0.434,1000
3,SGHMC,2.2013443313768577,0.8054223672988905,0.025684458107770237,-0.5663680758833655,0.6746476499961722,0.5056975758497235,0.3716666433260334,0.628903156903157,0.4341621621621622,0.7862190812720848,0.816566345250637,1.4178522604483996,0.834581752454772,1.00547214660696,0.799,0.5305206633547368,1.0,0.0017667844522968198,0.003527336860670194,0.0,1,1.0,0.019434628975265017,0.03812824956672444,0.0,11,0.9871794871794872,0.13604240282685512,0.2391304347826087,0.01282051282051282,78,0.9554455445544554,0.3409893992932862,0.5026041666666666,0.04455445544554455,202,0.8062622309197651,0.7279151943462897,0.7650882079851438,0.19373776908023482,511
3,AWSGLD,1.6065409277576648,1.4750361460502333,-0.16013949053091345,-1.5162318368105396,0.7841749332057152,0.4650207822626873,0.20743641488353337,0.7937509217509218,0.5752272272272273,0.8604240282685512,0.883647916365406,0.9046225867867177,0.9230634576867337,1.2864538019318323,0.964,0.6507642257707839,1.0,0.04770318021201413,0.09106239460370996,0.0,27,0.9941176470588236,0.29858657243816256,0.4592391304347827,0.0058823529411764705,170,0.9661538461538461,0.5547703180212014,0.7048260381593715,0.033846153846153845,325,0.926829268292683,0.7385159010600707,0.8220255653883973,0.07317073170731707,451,0.7987711213517665,0.9187279151943463,0.8545603944124897,0.2012288786482335,651
4,tMH,1.969536612093329,2.876116509133882,1.4101402278726833,-0.49760164041171284,0.9331557298448995,0.7810149832350258,0.3903213444359893,0.8526126006126006,0.6376216216216216,0.8501945525291829,0.876028597365931,2.1906848019173686,0.9367063778001954,1.4359919559641305,0.883,0.5800973028124693,0.9507246376811594,0.6381322957198443,0.7636786961583235,0.04927536231884058,345,0.7917355371900826,0.9319066147859922,0.8561215370866846,0.20826446280991737,605,0.6897018970189702,0.9902723735408561,0.8130990415335464,0.31029810298102983,738,0.6126340882002383,1.0,0.7597930524759793,0.3873659117997616,839,0.514,1.0,0.678996036988111,0.486,1000
4,SGLD,4.990932716756593,0.23075019789215803,0.15383751956157807,-0.12982309570467312,0.5521829515599267,0.5350867902469038,0.47080893209358626,0.21063025863025864,0.1411051051051051,0.5817120622568094,0.5900370894745623,2.4338436215890504,0.5944100174536837,1.063533156752645,0.621,0.3619933940377527,0.0,0.0,0,1.0,1,0.6666666666666666,0.0038910505836575876,0.007736943907156673,0.3333333333333333,3,0.6363636363636364,0.027237354085603113,0.05223880597014925,0.36363636363636365,22,0.6962025316455697,0.10700389105058365,0.18549747048903878,0.3037974683544304,79,0.6320754716981132,0.39105058365758755,0.4831730769230769,0.36792452830188677,318
4,qSGLD,1.682248191171901,1.3973049292665307,-0.14559477284278843,-1.827441495559051,0.7778685101045476,0.4664365302654722,0.16120566508434253,0.8299335019335019,0.6114994994994996,0.8482490272373541,0.8735421276449136,0.766739778853329,0.926918704264143,1.2946050706022985,0.981,0.6752616795532674,1.0,0.01556420233463035,0.030651340996168584,0.0,8,1.0,0.23346303501945526,0.3785488958990536,0.0,120,0.9532374100719424,0.5155642023346303,0.6691919191919192,0.046762589928057555,278,0.9209876543209876,0.72568093385214,0.8117519042437431,0.07901234567901234,405,0.7794361525704809,0.914396887159533,0.8415398388540734,0.22056384742951907,603
4,cycSGLD,0.9998441045667664,1.0602667067689096,0.9443359872521175,0.9784900966412001,0.7425288157149456,0.7197973706511025,0.7266233277926236,0.42916588516588516,0.2747747747747748,0.6926070038910506,0.7314541246438545,3.064893559802487,0.7307168820355159,0.04548795138318753,0.015,0.978839826537654,1.0,0.0019455252918287938,0.0038834951456310682,0.0,1,1.0,0.0019455252918287938,0.0038834951456310682,0.0,1,1.0,0.0019455252918287938,0.0038834951456310682,0.0,1,1.0,0.0019455252918287938,0.0038834951456310682,0.0,1,0.514,1.0,0.678996036988111,0.486,1000
4,SGHMC,2.152101403936728,0.7596720555017216,0.23097477960257304,-0.5711030448628781,0.668624994879713,0.5513408670804604,0.36956389515952687,0.6572241812241814,0.45803403403403403,0.7529182879377432,0.7812581386585904,1.3839939506142929,0.8320523290259564,0.9820098034634882,0.81,0.46768519820887056,1.0,0.0019455252918287938,0.0038834951456310682,0.0,1,1.0,0.009727626459143969,0.01926782273603083,0.0,5,0.9361702127659575,0.08560311284046693,0.15686274509803924,0.06382978723404255,47,0.891566265060241,0.28793774319066145,0.43529411764705883,0.10843373493975904,166,0.7628865979381443,0.7198443579766537,0.7407407407407406,0.23711340206185566,485
4,AWSGLD,1.5833418592932738,1.3458691413451596,-0.2295626018016913,-1.8577442347431656,0.7646271408511217,0.4498648900468875,0.16158572746517452,0.8129020649020651,0.5941301301301302,0.8365758754863813,0.8628513714067774,0.9190652423205613,0.91929672863525,1.305463577769036,0.983,0.6625823593680592,1.0,0.021400778210116732,0.04190476190476191,0.0,11,0.9923076923076923,0.2509727626459144,0.40062111801242234,0.007692307692307693,130,0.9523809523809523,0.5058365758754864,0.6607369758576874,0.047619047619047616,273,0.910941475826972,0.6964980544747081,0.7894156560088202,0.089058524173028,393,0.7798634812286689,0.8891050583657587,0.8309090909090908,0.22013651877133106,586
5,tMH,1.9565456105774932,2.9090217291603575,1.4026270361222097,-0.23550849751963854,0.9387039234704445,0.779387392213853,0.445405552517554,0.8423110343110344,0.6266986986986988,0.8770053475935828,0.8985025927141493,2.3481448311109965,0.9425488977947775,1.4029142140679836,0.855,0.6018466342371694,0.9813829787234043,0.6577540106951871,0.7876200640341515,0.018617021276595744,376,0.8077519379844961,0.928698752228164,0.8640132669983417,0.19224806201550387,645,0.7055837563451777,0.9910873440285205,0.8243143068939955,0.29441624365482233,788,0.6254180602006689,1.0,0.7695473251028807,0.3745819397993311,897,0.561,1.0,0.7187700192184499,0.439,1000
5,SGLD,4.635971576161513,0.2786506742049388,0.08006309169638387,-0.042954020692391834,0.5636352656079149,0.5182720199470081,0.491314733264852,0.16496668496668498,0.10861661661661662,0.6274509803921569,0.6341223156197721,2.4839146756397836,0.6009241551248787,1.0019938375321162,0.597,0.4093852923229775,0.0,0.0,0,1.0,1,0.0,0.0,0,1.0,1,0.7647058823529411,0.023172905525846704,0.04498269896193772,0.23529411764705882,17,0.7532467532467533,0.10338680926916222,0.18181818181818182,0.24675324675324675,77,0.6395348837209303,0.39215686274509803,0.4861878453038675,0.36046511627906974,344
5,qSGLD,1.6406378411407436,1.2720057828465303,-0.3765247260878036,-1.7915495966326473,0.754766187888084,0.41859140738935624,0.1653416715824134,0.8073981993981995,0.58797997997998,0.8556149732620321,0.8791334864137978,0.9239206313672825,0.9186857182301374,1.2483181480845797,0.953,0.6979221729010785,1.0,0.0053475935828877,0.010638297872340425,0.0,3,1.0,0.16934046345811052,0.2896341463414634,0.0,95,0.9883268482490273,0.45276292335115864,0.6210268948655258,0.011673151750972763,257,0.9455958549222798,0.6506238859180036,0.7708553326293559,0.054404145077720206,386,0.8364888123924269,0.8663101604278075,0.851138353765324,0.16351118760757316,581
5,cycSGLD,0.9995866211698218,1.0826430486031775,0.9584700917102863,0.9284056928677975,0.746766601957572,0.7226280772057018,0.7165652841751201,0.6668115788115788,0.4584024024024024,0.7807486631016043,0.8159993781527451,2.7769584906605997,0.8405101531190236,0.048917395923260824,0.016,0.9846753267224125,1.0,0.0017825311942959,0.0035587188612099642,0.0,1,1.0,0.0017825311942959,0.0035587188612099642,0.0,1,1.0,0.0017825311942959,0.0035587188612099642,0.0,1,1.0,0.0017825311942959,0.0035587188612099642,0.0,1,0.561,1.0,0.7187700192184499,0.439,1000
5,SGHMC,2.0667568780090497,0.8390076158597266,0.06836349954265092,-0.43149632441812485,0.685156392321474,0.5145184936083267,0.400552895034305,0.6331680691680692,0.43398598598598603,0.7807486631016043,0.8085241819941676,1.4209034992870662,0.829153114963111,0.955306861126045,0.777,0.5223299027783829,1.0,0.0017825311942959,0.0035587188612099642,0.0,1,1.0,0.0071301247771836,0.01415929203539823,0.0,4,0.9183673469387755,0.08021390374331551,0.1475409836065574,0.08163265306122448,49,0.9398907103825137,0.3065953654188948,0.4623655913978495,0.060109289617486336,183,0.8003802281368821,0.750445632798574,0.7746090156393745,0.19961977186311788,526
5,AWSGLD,1.5665754723824732,1.2953885152657523,-0.3433817136947046,-1.7894134852986037,0.7572032520487891,0.42536317687218467,0.1667696794172071,0.8016866616866617,0.581021021021021,0.8484848484848485,0.8728843523828433,0.9480818378216344,0.9177558784955274,1.249468879509286,0.961,0.6932966454704329,1.0,0.017825311942959002,0.03502626970227671,0.0,10,0.9809523809523809,0.1836007130124777,0.3093093093093093,0.01904761904761905,105,0.9776951672862454,0.46880570409982175,0.6337349397590362,0.022304832713754646,269,0.9321608040201005,0.661319073083779,0.7737226277372262,0.0678391959798995,398,0.8282312925170068,0.8680926916221033,0.8476936466492602,0.1717687074829932,588
6,tMH,1.9231537022421177,2.880770129332018,1.429591922114477,0.04083025681506473,0.9332665570030553,0.7822804767892824,0.5078073476175529,0.8087828807828809,0.5905065065065065,0.8432432432432433,0.8681392933242877,2.744052533465834,0.910893815163478,1.4328617513647568,0.824,0.5666250113150806,0.936986301369863,0.6162162162162163,0.7434782608695653,0.06301369863013699,365,0.7931034482758621,0.9117117117117117,0.848281642917016,0.20689655172413793,638,0.6829573934837093,0.9819819819819819,0.8056171470805616,0.31704260651629074,798,0.6021739130434782,0.9981981981981982,0.7511864406779661,0.3978260869565217,920,0.555,1.0,0.7138263665594855,0.445,1000
6,SGLD,4.8830088587430485,0.185042101895288,-0.038046664166434076,-0.19093274247475409,0.5413698629527227,0.4903113140410956,0.4578678013560297,0.2117669237669238,0.1408008008008008,0.6324324324324324,0.6526954524876076,2.505832230240922,0.6222775584573337,1.0634308470527034,0.609,0.40013453526097753,1.0,0.0018018018018018018,0.0035971223021582736,0.0,1,1.0,0.007207207207207207,0.014311270125223615,0.0,4,0.8181818181818182,0.032432432432432434,0.06239168110918545,0.18181818181818182,22,0.7419354838709677,0.08288288288288288,0.14910858995137763,0.25806451612903225,62,0.6807017543859649,0.34954954954954953,0.46190476190476193,0.3192982456140351,285
6,qSGLD,1.7194395518314571,1.4589715543435438,-0.03841131659879075,-1.618417023866356,0.7802752348235792,0.4908036568856473,0.19397434934260377,0.7955532395532395,0.5806526526526526,0.8486486486486486,0.8731678819844807,0.9250451307170285,0.919793501366535,1.3604853919716018,0.969,0.6802117892621218,1.0,0.02702702702702703,0.052631578947368425,0.0,15,1.0,0.3099099099099099,0.4731774415405777,0.0,172,0.9416909620991254,0.581981981981982,0.7193763919821827,0.05830903790087463,343,0.8884120171673819,0.745945945945946,0.8109696376101863,0.11158798283261803,466,0.802130898021309,0.9495495495495495,0.8696369636963697,0.197869101978691,657
6,cycSGLD,0.9996435322701098,1.0729217062030203,0.9487743475441877,0.9504831043551589,0.7449132814922629,0.7206775579348722,0.7210170604280822,0.5865521265521266,0.3924604604604605,0.7279279279279279,0.768014814047406,2.9107359985358348,0.7771677295272801,0.04757830168523435,0.009,0.9792026888400134,1.0,0.0018018018018018018,0.0035971223021582736,0.0,1,1.0,0.0018018018018018018,0.0035971223021582736,0.0,1,1.0,0.0018018018018018018,0.0035971223021582736,0.0,1,1.0,0.0018018018018018018,0.0035971223021582736,0.0,1,0.555,1.0,0.7138263665594855,0.445,1000
6,SGHMC,2.178968674214507,0.6971619909960383,-0.014515253694161376,-0.6687338621939136,0.6530690640305745,0.49602335995529745,0.35007478568715206,0.6292897852897853,0.4363923923923924,0.7855855855855856,0.8142262878916394,1.4781374689848148,0.8361777507844923,1.0061575475177553,0.8,0.5242281607406006,1.0,0.0018018018018018018,0.0035971223021582736,0.0,1,1.0,0.005405405405405406,0.010752688172043012,0.0,3,1.0,0.08288288288288288,0.15307820299500832,0.0,46,0.9329268292682927,0.2756756756756757,0.4255910987482615,0.06707317073170732,164,0.8197424892703863,0.6882882882882883,0.7482859941234085,0.18025751072961374,466
6,AWSGLD,1.6373769121458859,1.5104510194627243,0.05380250368229825,-1.491347050825412,0.7863663329588929,0.5105655929558559,0.21505518838672746,0.7775329295329295,0.5643003003003003,0.8504504504504504,0.8739976884275803,1.000575408729813,0.9108654722137868,1.3294165598294494,0.977,0.6536539888458742,1.0,0.04684684684684685,0.08950086058519793,0.0,26,0.9798994974874372,0.35135135135135137,0.5172413793103449,0.020100502512562814,199,0.9226519337016574,0.6018018018018018,0.728462377317339,0.07734806629834254,362,0.8827160493827161,0.772972972972973,0.8242074927953891,0.11728395061728394,486,0.7679882525697503,0.9423423423423424,0.8462783171521036,0.23201174743024963,681
7,tMH,1.9281355632132187,3.094612166625524,2.0212438478909784,-0.2021389384475372,0.946201548686973,0.8599882642332225,0.4548835740515367,0.8056466296466296,0.5907107107107107,0.8519195612431444,0.8723571695105515,3.373818009599075,0.9171196693988078,1.4600417939775547,0.767,0.5898396889380533,0.8661417322834646,0.8043875685557587,0.8341232227488151,0.13385826771653545,508,0.7209612817089452,0.9872029250457038,0.8333333333333334,0.27903871829105475,749,0.6345707656612529,1.0,0.7764371894960965,0.3654292343387471,862,0.5715778474399164,1.0,0.7273936170212765,0.4284221525600836,957,0.547,1.0,0.707175177763413,0.453,1000
7,SGLD,4.958832821460526,0.2294977575796228,0.14401216675673412,-0.14496923185143296,0.5508062913058401,0.532185049655006,0.4677551122801022,0.1762835242835243,0.11724524524524525,0.5959780621572212,0.6223094729606381,2.5588705581165994,0.5978667506083757,1.0669098941421722,0.648,0.3909728495466484,1.0,0.0018281535648994515,0.0036496350364963507,0.0,1,1.0,0.0018281535648994515,0.0036496350364963507,0.0,1,0.7241379310344828,0.038391224862888484,0.07291666666666667,0.27586206896551724,29,0.7373737373737373,0.13345521023765997,0.2260061919504644,0.26262626262626265,99,0.6395348837209303,0.40219378427787933,0.49382716049382713,0.36046511627906974,344
7,qSGLD,1.7343662018257247,1.4798378559764607,0.03319158256362026,-1.878091984019951,0.779711734530759,0.5061906993087374,0.15933715135936188,0.7784733224733225,0.5597557557557558,0.8263254113345521,0.8533592544575855,1.0384619869993497,0.9018648780625609,1.3612155906763332,0.962,0.6892352255345303,1.0,0.04021937842778794,0.0773286467486819,0.0,22,0.9849246231155779,0.3583180987202925,0.5254691689008043,0.01507537688442211,199,0.8944444444444445,0.5886654478976234,0.7100330760749723,0.10555555555555556,360,0.84375,0.7404021937842779,0.7887049659201557,0.15625,480,0.7684210526315789,0.9341864716636198,0.8432343234323432,0.23157894736842105,665
7,cycSGLD,0.9999054890805688,1.079978534716654,0.9440510243464841,0.9455344074616605,0.7462655942541521,0.7196843571791847,0.7200096054729654,0.5953024153024153,0.3974534534534535,0.7568555758683729,0.7929637593051164,2.9381410665597234,0.8052229499860769,0.04680398412452934,0.011,0.9872946699622361,1.0,0.0018281535648994515,0.0036496350364963507,0.0,1,1.0,0.0018281535648994515,0.0036496350364963507,0.0,1,1.0,0.0018281535648994515,0.0036496350364963507,0.0,1,1.0,0.0018281535648994515,0.0036496350364963507,0.0,1,0.547,1.0,0.707175177763413,0.453,1000
7,SGHMC,2.19850097860634,0.8149123970998733,0.22309275249010527,-0.7055298161705984,0.676149193217756,0.5493254878929821,0.34167254586051515,0.6338422178422178,0.4363803803803804,0.7696526508226691,0.7991777491966645,1.4252384144138597,0.8252640329955487,1.018115344627169,0.803,0.5228558084137829,1.0,0.0018281535648994515,0.0036496350364963507,0.0,1,1.0,0.014625228519195612,0.028828828828828826,0.0,8,0.9772727272727273,0.15722120658135283,0.27086614173228346,0.022727272727272728,88,0.8765957446808511,0.376599634369287,0.5268542199488491,0.12340425531914893,235,0.7697974217311234,0.7641681901279708,0.7669724770642201,0.2302025782688766,543
7,AWSGLD,1.6497140727728083,1.3467489678675042,-0.04072111691187992,-1.9486739026855233,0.7514472121344665,0.49224437675782245,0.15621556506205767,0.7412818532818534,0.5270950950950951,0.8117001828153565,0.837970181620753,1.3279039674690896,0.8813879438720537,1.2913410217582018,0.963,0.6648657916035816,1.0,0.06581352833638025,0.12349914236706688,0.0,36,0.9481865284974094,0.33455210237659966,0.49459459459459465,0.05181347150259067,193,0.8859649122807017,0.5539305301645339,0.6816647919010125,0.11403508771929824,342,0.8508771929824561,0.7093235831809872,0.773678963110668,0.14912280701754385,456,0.7779527559055118,0.903107861060329,0.8358714043993232,0.2220472440944882,635
8,tMH,1.925399329078452,3.029366118519074,1.8065395161344862,0.0402199809860921,0.942956564500364,0.8365429752261697,0.5072575556597716,0.8089940569940571,0.5957197197197197,0.8504504504504504,0.8729233743507275,3.3017086636048725,0.9137200121469785,1.4063493274502739,0.759,0.5764842706082264,0.8995535714285714,0.7261261261261261,0.8035892323030908,0.10044642857142858,448,0.73806275579809,0.9747747747747748,0.8400621118012422,0.26193724420190995,733,0.6338672768878718,0.9981981981981982,0.7753673897830651,0.36613272311212813,874,0.5669050051072523,1.0,0.7235984354628423,0.4330949948927477,979,0.555,1.0,0.7138263665594855,0.445,1000
8,SGLD,5.0617903973675,0.23650708693210723,0.10923027057930232,-0.091003183400973,0.5537512366404713,0.5241492267304467,0.4809917923880754,0.16964883764883765,0.11300900900900901,0.5945945945945946,0.6070741517878873,2.491720751613429,0.5811964773762527,1.097109538436667,0.651,0.4057097019470745,1.0,0.0018018018018018018,0.0035971223021582736,0.0,1,0.5,0.0018018018018018018,0.003590664272890485,0.5,2,0.6428571428571429,0.032432432432432434,0.061749571183533455,0.35714285714285715,28,0.6590909090909091,0.1045045045045045,0.18040435458786935,0.3409090909090909,88,0.6272965879265092,0.4306306306306306,0.5106837606837608,0.37270341207349084,381
8,qSGLD,1.7289304272423323,1.4333470158410717,0.06762348533309959,-1.735468753007482,0.7730902216500308,0.5119478303774754,0.18251334193059726,0.7634985434985435,0.5533653653653654,0.8288288288288288,0.8530438070610119,1.0625363675785113,0.8934790970746026,1.367928350439486,0.945,0.6781260835535066,1.0,0.04504504504504504,0.08620689655172413,0.0,25,0.9662921348314607,0.3099099099099099,0.46930422919508863,0.033707865168539325,178,0.9019607843137255,0.5801801801801801,0.706140350877193,0.09803921568627451,357,0.8384458077709611,0.7387387387387387,0.7854406130268199,0.16155419222903886,489,0.772189349112426,0.9405405405405406,0.8480909829406986,0.22781065088757396,676
8,cycSGLD,1.0000660434853734,1.077209132533137,0.9799463979167883,0.9128905998750042,0.7457474127029659,0.7269141326119988,0.7134306930006794,0.6953620553620554,0.48886486486486486,0.7981981981981981,0.8272452175375081,2.7298694015037848,0.856082599453386,0.04367461112958539,0.014,0.9868770420627134,1.0,0.0018018018018018018,0.0035971223021582736,0.0,1,1.0,0.0018018018018018018,0.0035971223021582736,0.0,1,1.0,0.0018018018018018018,0.0035971223021582736,0.0,1,1.0,0.0018018018018018018,0.0035971223021582736,0.0,1,0.555,1.0,0.7138263665594855,0.445,1000
8,SGHMC,2.2589260420891786,0.7213001594198585,0.10223146816185553,-0.6427064714612093,0.6559942756575069,0.5216232333172234,0.35760491185846005,0.5685174405174406,0.3911031031031031,0.7657657657657657,0.7858731487694383,1.5401888676539344,0.7952343354590545,1.0581654367518636,0.822,0.5113873380641409,1.0,0.0018018018018018018,0.0035971223021582736,0.0,1,0.9,0.032432432432432434,0.06260869565217392,0.1,20,0.8795180722891566,0.13153153153153152,0.22884012539184953,0.12048192771084337,83,0.8591549295774648,0.32972972972972975,0.47656250000000006,0.14084507042253522,213,0.7832699619771863,0.7423423423423423,0.7622571692876965,0.21673003802281368,526
8,AWSGLD,1.6322562764459005,1.39235590760322,0.016808321451950256,-1.7540866153583685,0.7611463094740429,0.5011164685947905,0.18526578548125006,0.7438712758712759,0.5335895895895896,0.827027027027027,0.8498898999320278,1.233854104844144,0.8846968316631239,1.3723985567760595,0.952,0.6795505247372042,1.0,0.06666666666666667,0.125,0.0,37,0.9270833333333334,0.3207207207207207,0.4765729585006694,0.07291666666666667,192,0.9047619047619048,0.581981981981982,0.7083333333333333,0.09523809523809523,357,0.84375,0.7297297297297297,0.7826086956521738,0.15625,480,0.7745839636913767,0.9225225225225225,0.8421052631578948,0.2254160363086233,661
9,tMH,1.9502892917910382,2.6690064233257456,1.416296606732549,-0.30909662835380003,0.9242806000122976,0.7821553347109149,0.43061538017879686,0.8309807429807431,0.6124844844844846,0.8741007194244604,0.8947721160219163,2.1397715159709705,0.9385491606714629,1.4177785412010402,0.875,0.5837959822740434,0.978021978021978,0.4802158273381295,0.6441495778045838,0.02197802197802198,273,0.8448844884488449,0.920863309352518,0.8812392426850258,0.1551155115511551,606,0.7263157894736842,0.9928057553956835,0.838905775075988,0.2736842105263158,760,0.6371986222732492,0.9982014388489209,0.7778556412053259,0.36280137772675086,871,0.556,1.0,0.7146529562982006,0.444,1000
9,SGLD,4.832174491995398,0.21113820876306819,0.10170452541272146,-0.20928585346123146,0.5478819073226169,0.5221772924545872,0.4511721518078753,0.253035601035601,0.16767967967967967,0.6402877697841727,0.6551732589394398,2.3838051678799856,0.6225938168384212,1.041028823505714,0.624,0.4018180447724027,1.0,0.0017985611510791368,0.003590664272890485,0.0,1,0.8,0.007194244604316547,0.014260249554367204,0.2,5,0.7407407407407407,0.03597122302158273,0.0686106346483705,0.25925925925925924,27,0.7671232876712328,0.10071942446043165,0.178060413354531,0.2328767123287671,73,0.6689419795221843,0.35251798561151076,0.4617196702002355,0.3310580204778157,293
9,qSGLD,1.6846936608610825,1.5351691866474264,-0.009307220259808069,-1.5221630514083715,0.7999260225876433,0.49636895557580163,0.20010677982540437,0.8208838968838968,0.6015815815815816,0.8615107913669064,0.8843751930523254,0.7391513844533967,0.9285963121394776,1.3128365517146214,0.971,0.6705664815581036,1.0,0.02158273381294964,0.04225352112676056,0.0,12,0.9935064935064936,0.2751798561151079,0.4309859154929578,0.006493506493506494,154,0.9492537313432836,0.5719424460431655,0.7138047138047138,0.050746268656716415,335,0.9081196581196581,0.7643884892086331,0.830078125,0.09188034188034189,468,0.7841079460269865,0.9406474820143885,0.8552739165985282,0.2158920539730135,667
9,cycSGLD,0.9996382482446377,1.0739221136076798,0.9453669591532167,0.956320418268815,0.7451246599121967,0.7199789009378368,0.7221722792761534,0.5636467796467797,0.3708508508508509,0.7446043165467626,0.7809791613033465,2.9257839091470057,0.7893414997731545,0.04436024184384033,0.02,0.9827877485019814,1.0,0.0017985611510791368,0.003590664272890485,0.0,1,1.0,0.0017985611510791368,0.003590664272890485,0.0,1,1.0,0.0017985611510791368,0.003590664272890485,0.0,1,1.0,0.0017985611510791368,0.003590664272890485,0.0,1,0.556,1.0,0.7146529562982006,0.444,1000
9,SGHMC,2.164552356630507,0.7241684674372805,0.15416752824648547,-0.722120114683106,0.6611564048851096,0.5343545977959147,0.336999618503119,0.6698939378939379,0.46543743743743743,0.7913669064748201,0.817310359234869,1.3380915228274868,0.8530040832199106,0.9950733375661952,0.815,0.5123817459542229,1.0,0.0017985611510791368,0.003590664272890485,0.0,1,1.0,0.007194244604316547,0.014285714285714287,0.0,4,0.9545454545454546,0.07553956834532374,0.14,0.045454545454545456,44,0.9315068493150684,0.2446043165467626,0.38746438746438744,0.0684931506849315,146,0.8344086021505376,0.697841726618705,0.7600391772771792,0.16559139784946236,465
9,AWSGLD,1.5962833543634232,1.5259768817774084,-0.042918463598132374,-1.472919378864509,0.7954657493647249,0.49049986599934803,0.21475785746452106,0.7992019752019752,0.5803603603603604,0.8435251798561151,0.8689410715587431,0.876164733179241,0.9159739775746971,1.2730203101916129,0.978,0.637747638265557,1.0,0.04136690647482014,0.07944732297063903,0.0,23,0.9825581395348837,0.3039568345323741,0.46428571428571425,0.01744186046511628,172,0.9525222551928784,0.5773381294964028,0.7189249720044792,0.04747774480712166,337,0.8969957081545065,0.7517985611510791,0.8180039138943249,0.10300429184549356,466,0.7853949329359166,0.947841726618705,0.8590057049714751,0.21460506706408347,671
